Date,Time,Count
2020-05-10,09-00-00,1
2020-05-10,09-03-21,2
2020-05-10,09-06-42,2
2020-05-10,09-10-03,1
2020-05-10,09-13-24,1
2020-05-10,09-16-45,3
2020-05-10,09-20-06,1
2020-05-10,09-23-27,7
2020-05-10,09-26-48,2
2020-05-10,09-30-09,4
2020-05-10,09-33-30,7
2020-05-10,09-36-51,6
2020-05-10,09-40-12,3
2020-05-10,09-43-33,4
2020-05-10,09-46-54,8
2020-05-10,09-50-15,3
2020-05-10,09-53-36,1
2020-05-10,09-56-57,1
2020-05-10,10-00-18,3
2020-05-10,10-03-39,2
2020-05-10,10-07-00,9
2020-05-10,10-10-21,1
2020-05-10,10-13-42,3
2020-05-10,10-17-03,1
2020-05-10,10-20-24,1
2020-05-10,10-23-45,2
2020-05-10,10-27-06,3
2020-05-10,10-30-27,7
2020-05-10,10-33-48,4
2020-05-10,10-37-09,3
2020-05-10,10-40-30,2
2020-05-10,10-43-51,2
2020-05-10,10-47-12,1
2020-05-10,10-50-33,4
2020-05-10,10-53-54,1
2020-05-10,10-57-15,2
2020-05-10,11-00-36,4
2020-05-10,11-03-57,3
2020-05-10,11-07-18,2
2020-05-10,11-10-39,0
2020-05-10,11-14-00,3
2020-05-10,11-17-21,2
2020-05-10,11-20-42,2
2020-05-10,11-24-03,2
2020-05-10,11-27-24,5
2020-05-10,11-30-45,5
2020-05-10,11-34-06,9
2020-05-10,11-37-27,1
2020-05-10,11-40-48,4
2020-05-10,11-44-09,1
2020-05-10,11-47-30,3
2020-05-10,11-50-51,3
2020-05-10,11-54-12,4
2020-05-10,11-57-33,3
2020-05-10,12-00-54,0
2020-05-10,12-04-15,3
2020-05-10,12-07-36,3
2020-05-10,12-10-57,2
2020-05-10,12-14-18,6
2020-05-10,12-17-39,3
2020-05-10,12-21-00,1
2020-05-10,12-24-21,1
2020-05-10,12-27-42,3
2020-05-10,12-31-03,3
2020-05-10,12-34-24,2
2020-05-10,12-37-45,6
2020-05-10,12-41-06,2
2020-05-10,12-44-27,1
2020-05-10,12-47-48,4
2020-05-10,12-51-09,3
2020-05-10,12-54-30,4
2020-05-10,12-57-51,4
2020-05-10,13-01-12,1
2020-05-10,13-04-33,2
2020-05-10,13-07-54,8
2020-05-10,13-11-15,2
2020-05-10,13-14-36,1
2020-05-10,13-17-57,1
2020-05-10,13-21-18,1
2020-05-10,13-24-39,2
2020-05-10,13-28-00,1
2020-05-10,13-31-21,4
2020-05-10,13-34-42,1
2020-05-10,13-38-03,1
2020-05-10,13-41-24,4
2020-05-10,13-44-45,2
2020-05-10,13-48-06,2
2020-05-10,13-51-27,3
2020-05-10,13-54-48,3
2020-05-10,13-58-09,6
2020-05-10,14-01-30,3
2020-05-10,14-04-51,1
2020-05-10,14-08-12,2
2020-05-10,14-11-33,5
2020-05-10,14-14-54,2
2020-05-10,14-18-15,8
2020-05-10,14-21-36,2
2020-05-10,14-24-57,2
2020-05-10,14-28-18,3
2020-05-10,14-31-39,5
2020-05-10,14-35-00,2
2020-05-10,14-38-21,2
2020-05-10,14-41-42,3
2020-05-10,14-45-03,2
2020-05-10,14-48-24,2
2020-05-10,14-51-45,1
2020-05-10,14-55-06,3
2020-05-10,14-58-27,3
2020-05-10,15-01-48,2
2020-05-10,15-05-09,2
2020-05-10,15-08-30,3
2020-05-10,15-11-51,2
2020-05-10,15-15-12,4
2020-05-10,15-18-33,4
2020-05-10,15-21-54,1
2020-05-10,15-25-15,3
2020-05-10,15-28-36,5
2020-05-10,15-31-57,7
2020-05-10,15-35-18,5
2020-05-10,15-38-39,2
2020-05-10,15-42-00,2
2020-05-10,15-45-21,2
2020-05-10,15-48-42,2
2020-05-10,15-52-03,3
2020-05-10,15-55-24,1
2020-05-10,15-58-45,2
2020-05-10,16-02-06,3
2020-05-10,16-05-27,4
2020-05-10,16-08-48,1
2020-05-10,16-12-09,1
2020-05-10,16-15-30,2
2020-05-10,16-18-51,1
2020-05-10,16-22-12,3
2020-05-10,16-25-33,2
2020-05-10,16-28-54,6
2020-05-10,16-32-15,4
2020-05-10,16-35-36,2
2020-05-10,16-38-57,2
2020-05-10,16-42-18,1
2020-05-10,16-45-39,2
2020-05-10,16-49-00,1
2020-05-10,16-52-21,3
2020-05-10,16-55-42,3
2020-05-10,16-59-03,1
2020-05-10,17-02-24,1
2020-05-10,17-05-45,1
2020-05-10,17-09-06,8
2020-05-10,17-12-27,2
2020-05-10,17-15-48,3
2020-05-10,17-19-09,2
2020-05-10,17-22-30,8
2020-05-10,17-25-51,1
2020-05-10,17-29-12,4
2020-05-10,17-32-33,2
2020-05-10,17-35-54,1
2020-05-10,17-39-15,2
2020-05-10,17-42-36,3
2020-05-10,17-45-57,1
2020-05-10,17-49-18,4
2020-05-10,17-52-39,3
2020-05-10,17-56-00,2
2020-05-10,17-59-21,1
2020-05-10,18-02-42,6
2020-05-10,18-06-03,1
2020-05-10,18-09-24,3
2020-05-10,18-12-45,1
2020-05-10,18-16-06,4
2020-05-10,18-19-27,4
2020-05-10,18-22-48,4
2020-05-10,18-26-09,0
2020-05-11,09-00-00,2
2020-05-11,09-03-21,4
2020-05-11,09-06-42,4
2020-05-11,09-10-03,2
2020-05-11,09-13-24,1
2020-05-11,09-16-45,2
2020-05-11,09-20-06,3
2020-05-11,09-23-27,4
2020-05-11,09-26-48,2
2020-05-11,09-30-09,5
2020-05-11,09-33-30,3
2020-05-11,09-36-51,4
2020-05-11,09-40-12,2
2020-05-11,09-43-33,1
2020-05-11,09-46-54,1
2020-05-11,09-50-15,2
2020-05-11,09-53-36,1
2020-05-11,09-56-57,8
2020-05-11,10-00-18,9
2020-05-11,10-03-39,1
2020-05-11,10-07-00,5
2020-05-11,10-10-21,2
2020-05-11,10-13-42,2
2020-05-11,10-17-03,6
2020-05-11,10-20-24,5
2020-05-11,10-23-45,3
2020-05-11,10-27-06,1
2020-05-11,10-30-27,2
2020-05-11,10-33-48,2
2020-05-11,10-37-09,3
2020-05-11,10-40-30,4
2020-05-11,10-43-51,5
2020-05-11,10-47-12,3
2020-05-11,10-50-33,5
2020-05-11,10-53-54,6
2020-05-11,10-57-15,3
2020-05-11,11-00-36,2
2020-05-11,11-03-57,0
2020-05-11,11-07-18,5
2020-05-11,11-10-39,3
2020-05-11,11-14-00,3
2020-05-11,11-17-21,2
2020-05-11,11-20-42,3
2020-05-11,11-24-03,1
2020-05-11,11-27-24,1
2020-05-11,11-30-45,0
2020-05-11,11-34-06,1
2020-05-11,11-37-27,3
2020-05-11,11-40-48,1
2020-05-11,11-44-09,4
2020-05-11,11-47-30,1
2020-05-11,11-50-51,1
2020-05-11,11-54-12,3
2020-05-11,11-57-33,2
2020-05-11,12-00-54,1
2020-05-11,12-04-15,0
2020-05-11,12-07-36,2
2020-05-11,12-10-57,1
2020-05-11,12-14-18,2
2020-05-11,12-17-39,2
2020-05-11,12-21-00,2
2020-05-11,12-24-21,4
2020-05-11,12-27-42,3
2020-05-11,12-31-03,3
2020-05-11,12-34-24,3
2020-05-11,12-37-45,3
2020-05-11,12-41-06,4
2020-05-11,12-44-27,3
2020-05-11,12-47-48,4
2020-05-11,12-51-09,2
2020-05-11,12-54-30,1
2020-05-11,12-57-51,2
2020-05-11,13-01-12,2
2020-05-11,13-04-33,4
2020-05-11,13-07-54,3
2020-05-11,13-11-15,2
2020-05-11,13-14-36,1
2020-05-11,13-17-57,5
2020-05-11,13-21-18,0
2020-05-11,13-24-39,4
2020-05-11,13-28-00,2
2020-05-11,13-31-21,5
2020-05-11,13-34-42,3
2020-05-11,13-38-03,2
2020-05-11,13-41-24,3
2020-05-11,13-44-45,2
2020-05-11,13-48-06,1
2020-05-11,13-51-27,4
2020-05-11,13-54-48,6
2020-05-11,13-58-09,4
2020-05-11,14-01-30,3
2020-05-11,14-04-51,1
2020-05-11,14-08-12,10
2020-05-11,14-11-33,2
2020-05-11,14-14-54,3
2020-05-11,14-18-15,2
2020-05-11,14-21-36,1
2020-05-11,14-24-57,3
2020-05-11,14-28-18,2
2020-05-11,14-31-39,7
2020-05-11,14-35-00,3
2020-05-11,14-38-21,5
2020-05-11,14-41-42,1
2020-05-11,14-45-03,1
2020-05-11,14-48-24,3
2020-05-11,14-51-45,1
2020-05-11,14-55-06,2
2020-05-11,14-58-27,3
2020-05-11,15-01-48,3
2020-05-11,15-05-09,4
2020-05-11,15-08-30,3
2020-05-11,15-11-51,7
2020-05-11,15-15-12,2
2020-05-11,15-18-33,3
2020-05-11,15-21-54,1
2020-05-11,15-25-15,2
2020-05-11,15-28-36,0
2020-05-11,15-31-57,3
2020-05-11,15-35-18,2
2020-05-11,15-38-39,8
2020-05-11,15-42-00,3
2020-05-11,15-45-21,1
2020-05-11,15-48-42,3
2020-05-11,15-52-03,3
2020-05-11,15-55-24,1
2020-05-11,15-58-45,0
2020-05-11,16-02-06,3
2020-05-11,16-05-27,5
2020-05-11,16-08-48,10
2020-05-11,16-12-09,4
2020-05-11,16-15-30,1
2020-05-11,16-18-51,2
2020-05-11,16-22-12,2
2020-05-11,16-25-33,4
2020-05-11,16-28-54,3
2020-05-11,16-32-15,5
2020-05-11,16-35-36,1
2020-05-11,16-38-57,2
2020-05-11,16-42-18,4
2020-05-11,16-45-39,4
2020-05-11,16-49-00,2
2020-05-11,16-52-21,2
2020-05-11,16-55-42,3
2020-05-11,16-59-03,1
2020-05-11,17-02-24,2
2020-05-11,17-05-45,2
2020-05-11,17-09-06,6
2020-05-11,17-12-27,4
2020-05-11,17-15-48,1
2020-05-11,17-19-09,3
2020-05-11,17-22-30,2
2020-05-11,17-25-51,1
2020-05-11,17-29-12,2
2020-05-11,17-32-33,7
2020-05-11,17-35-54,5
2020-05-11,17-39-15,7
2020-05-11,17-42-36,0
2020-05-11,17-45-57,1
2020-05-11,17-49-18,1
2020-05-11,17-52-39,4
2020-05-11,17-56-00,2
2020-05-11,17-59-21,3
2020-05-11,18-02-42,0
2020-05-11,18-06-03,2
2020-05-11,18-09-24,2
2020-05-11,18-12-45,5
2020-05-11,18-16-06,8
2020-05-11,18-19-27,2
2020-05-11,18-22-48,2
2020-05-11,18-26-09,1
2020-05-12,09-00-00,4
2020-05-12,09-03-21,1
2020-05-12,09-06-42,4
2020-05-12,09-10-03,1
2020-05-12,09-13-24,1
2020-05-12,09-16-45,2
2020-05-12,09-20-06,1
2020-05-12,09-23-27,3
2020-05-12,09-26-48,0
2020-05-12,09-30-09,3
2020-05-12,09-33-30,2
2020-05-12,09-36-51,3
2020-05-12,09-40-12,1
2020-05-12,09-43-33,5
2020-05-12,09-46-54,3
2020-05-12,09-50-15,0
2020-05-12,09-53-36,4
2020-05-12,09-56-57,2
2020-05-12,10-00-18,5
2020-05-12,10-03-39,1
2020-05-12,10-07-00,2
2020-05-12,10-10-21,4
2020-05-12,10-13-42,3
2020-05-12,10-17-03,0
2020-05-12,10-20-24,1
2020-05-12,10-23-45,6
2020-05-12,10-27-06,3
2020-05-12,10-30-27,1
2020-05-12,10-33-48,3
2020-05-12,10-37-09,5
2020-05-12,10-40-30,2
2020-05-12,10-43-51,5
2020-05-12,10-47-12,3
2020-05-12,10-50-33,2
2020-05-12,10-53-54,4
2020-05-12,10-57-15,2
2020-05-12,11-00-36,3
2020-05-12,11-03-57,3
2020-05-12,11-07-18,2
2020-05-12,11-10-39,3
2020-05-12,11-14-00,3
2020-05-12,11-17-21,1
2020-05-12,11-20-42,4
2020-05-12,11-24-03,4
2020-05-12,11-27-24,2
2020-05-12,11-30-45,3
2020-05-12,11-34-06,6
2020-05-12,11-37-27,3
2020-05-12,11-40-48,3
2020-05-12,11-44-09,7
2020-05-12,11-47-30,4
2020-05-12,11-50-51,3
2020-05-12,11-54-12,2
2020-05-12,11-57-33,3
2020-05-12,12-00-54,2
2020-05-12,12-04-15,0
2020-05-12,12-07-36,4
2020-05-12,12-10-57,6
2020-05-12,12-14-18,1
2020-05-12,12-17-39,0
2020-05-12,12-21-00,7
2020-05-12,12-24-21,1
2020-05-12,12-27-42,2
2020-05-12,12-31-03,0
2020-05-12,12-34-24,2
2020-05-12,12-37-45,3
2020-05-12,12-41-06,3
2020-05-12,12-44-27,3
2020-05-12,12-47-48,3
2020-05-12,12-51-09,4
2020-05-12,12-54-30,4
2020-05-12,12-57-51,3
2020-05-12,13-01-12,2
2020-05-12,13-04-33,5
2020-05-12,13-07-54,3
2020-05-12,13-11-15,1
2020-05-12,13-14-36,2
2020-05-12,13-17-57,1
2020-05-12,13-21-18,3
2020-05-12,13-24-39,1
2020-05-12,13-28-00,3
2020-05-12,13-31-21,2
2020-05-12,13-34-42,2
2020-05-12,13-38-03,2
2020-05-12,13-41-24,3
2020-05-12,13-44-45,3
2020-05-12,13-48-06,1
2020-05-12,13-51-27,1
2020-05-12,13-54-48,1
2020-05-12,13-58-09,1
2020-05-12,14-01-30,2
2020-05-12,14-04-51,2
2020-05-12,14-08-12,3
2020-05-12,14-11-33,7
2020-05-12,14-14-54,1
2020-05-12,14-18-15,1
2020-05-12,14-21-36,2
2020-05-12,14-24-57,3
2020-05-12,14-28-18,0
2020-05-12,14-31-39,0
2020-05-12,14-35-00,3
2020-05-12,14-38-21,4
2020-05-12,14-41-42,4
2020-05-12,14-45-03,1
2020-05-12,14-48-24,2
2020-05-12,14-51-45,2
2020-05-12,14-55-06,4
2020-05-12,14-58-27,1
2020-05-12,15-01-48,1
2020-05-12,15-05-09,2
2020-05-12,15-08-30,3
2020-05-12,15-11-51,3
2020-05-12,15-15-12,1
2020-05-12,15-18-33,2
2020-05-12,15-21-54,4
2020-05-12,15-25-15,4
2020-05-12,15-28-36,2
2020-05-12,15-31-57,2
2020-05-12,15-35-18,2
2020-05-12,15-38-39,1
2020-05-12,15-42-00,1
2020-05-12,15-45-21,1
2020-05-12,15-48-42,4
2020-05-12,15-52-03,3
2020-05-12,15-55-24,1
2020-05-12,15-58-45,4
2020-05-12,16-02-06,1
2020-05-12,16-05-27,3
2020-05-12,16-08-48,3
2020-05-12,16-12-09,1
2020-05-12,16-15-30,2
2020-05-12,16-18-51,4
2020-05-12,16-22-12,3
2020-05-12,16-25-33,3
2020-05-12,16-28-54,2
2020-05-12,16-32-15,3
2020-05-12,16-35-36,5
2020-05-12,16-38-57,4
2020-05-12,16-42-18,4
2020-05-12,16-45-39,0
2020-05-12,16-49-00,2
2020-05-12,16-52-21,5
2020-05-12,16-55-42,3
2020-05-12,16-59-03,4
2020-05-12,17-02-24,2
2020-05-12,17-05-45,2
2020-05-12,17-09-06,13
2020-05-12,17-12-27,2
2020-05-12,17-15-48,4
2020-05-12,17-19-09,6
2020-05-12,17-22-30,2
2020-05-12,17-25-51,2
2020-05-12,17-29-12,4
2020-05-12,17-32-33,2
2020-05-12,17-35-54,3
2020-05-12,17-39-15,4
2020-05-12,17-42-36,6
2020-05-12,17-45-57,3
2020-05-12,17-49-18,3
2020-05-12,17-52-39,2
2020-05-12,17-56-00,8
2020-05-12,17-59-21,2
2020-05-12,18-02-42,1
2020-05-12,18-06-03,1
2020-05-12,18-09-24,1
2020-05-12,18-12-45,2
2020-05-12,18-16-06,6
2020-05-12,18-19-27,2
2020-05-12,18-22-48,4
2020-05-12,18-26-09,4
2020-05-13,09-00-00,4
2020-05-13,09-03-21,1
2020-05-13,09-06-42,0
2020-05-13,09-10-03,1
2020-05-13,09-13-24,4
2020-05-13,09-16-45,4
2020-05-13,09-20-06,1
2020-05-13,09-23-27,3
2020-05-13,09-26-48,2
2020-05-13,09-30-09,2
2020-05-13,09-33-30,2
2020-05-13,09-36-51,6
2020-05-13,09-40-12,3
2020-05-13,09-43-33,8
2020-05-13,09-46-54,4
2020-05-13,09-50-15,5
2020-05-13,09-53-36,7
2020-05-13,09-56-57,2
2020-05-13,10-00-18,2
2020-05-13,10-03-39,3
2020-05-13,10-07-00,5
2020-05-13,10-10-21,4
2020-05-13,10-13-42,2
2020-05-13,10-17-03,5
2020-05-13,10-20-24,3
2020-05-13,10-23-45,1
2020-05-13,10-27-06,1
2020-05-13,10-30-27,6
2020-05-13,10-33-48,1
2020-05-13,10-37-09,0
2020-05-13,10-40-30,1
2020-05-13,10-43-51,2
2020-05-13,10-47-12,2
2020-05-13,10-50-33,3
2020-05-13,10-53-54,6
2020-05-13,10-57-15,1
2020-05-13,11-00-36,1
2020-05-13,11-03-57,2
2020-05-13,11-07-18,4
2020-05-13,11-10-39,2
2020-05-13,11-14-00,2
2020-05-13,11-17-21,3
2020-05-13,11-20-42,1
2020-05-13,11-24-03,2
2020-05-13,11-27-24,2
2020-05-13,11-30-45,5
2020-05-13,11-34-06,4
2020-05-13,11-37-27,3
2020-05-13,11-40-48,3
2020-05-13,11-44-09,10
2020-05-13,11-47-30,0
2020-05-13,11-50-51,3
2020-05-13,11-54-12,3
2020-05-13,11-57-33,3
2020-05-13,12-00-54,3
2020-05-13,12-04-15,2
2020-05-13,12-07-36,3
2020-05-13,12-10-57,1
2020-05-13,12-14-18,2
2020-05-13,12-17-39,3
2020-05-13,12-21-00,1
2020-05-13,12-24-21,2
2020-05-13,12-27-42,3
2020-05-13,12-31-03,2
2020-05-13,12-34-24,2
2020-05-13,12-37-45,1
2020-05-13,12-41-06,2
2020-05-13,12-44-27,4
2020-05-13,12-47-48,2
2020-05-13,12-51-09,1
2020-05-13,12-54-30,1
2020-05-13,12-57-51,4
2020-05-13,13-01-12,6
2020-05-13,13-04-33,3
2020-05-13,13-07-54,7
2020-05-13,13-11-15,2
2020-05-13,13-14-36,2
2020-05-13,13-17-57,2
2020-05-13,13-21-18,3
2020-05-13,13-24-39,5
2020-05-13,13-28-00,2
2020-05-13,13-31-21,4
2020-05-13,13-34-42,5
2020-05-13,13-38-03,2
2020-05-13,13-41-24,1
2020-05-13,13-44-45,2
2020-05-13,13-48-06,1
2020-05-13,13-51-27,3
2020-05-13,13-54-48,1
2020-05-13,13-58-09,2
2020-05-13,14-01-30,6
2020-05-13,14-04-51,3
2020-05-13,14-08-12,5
2020-05-13,14-11-33,4
2020-05-13,14-14-54,2
2020-05-13,14-18-15,3
2020-05-13,14-21-36,4
2020-05-13,14-24-57,0
2020-05-13,14-28-18,3
2020-05-13,14-31-39,4
2020-05-13,14-35-00,3
2020-05-13,14-38-21,0
2020-05-13,14-41-42,2
2020-05-13,14-45-03,4
2020-05-13,14-48-24,2
2020-05-13,14-51-45,2
2020-05-13,14-55-06,3
2020-05-13,14-58-27,5
2020-05-13,15-01-48,8
2020-05-13,15-05-09,3
2020-05-13,15-08-30,2
2020-05-13,15-11-51,1
2020-05-13,15-15-12,3
2020-05-13,15-18-33,0
2020-05-13,15-21-54,3
2020-05-13,15-25-15,3
2020-05-13,15-28-36,9
2020-05-13,15-31-57,5
2020-05-13,15-35-18,1
2020-05-13,15-38-39,2
2020-05-13,15-42-00,4
2020-05-13,15-45-21,6
2020-05-13,15-48-42,1
2020-05-13,15-52-03,5
2020-05-13,15-55-24,4
2020-05-13,15-58-45,1
2020-05-13,16-02-06,2
2020-05-13,16-05-27,1
2020-05-13,16-08-48,2
2020-05-13,16-12-09,2
2020-05-13,16-15-30,2
2020-05-13,16-18-51,3
2020-05-13,16-22-12,2
2020-05-13,16-25-33,2
2020-05-13,16-28-54,4
2020-05-13,16-32-15,5
2020-05-13,16-35-36,9
2020-05-13,16-38-57,3
2020-05-13,16-42-18,4
2020-05-13,16-45-39,3
2020-05-13,16-49-00,2
2020-05-13,16-52-21,4
2020-05-13,16-55-42,2
2020-05-13,16-59-03,1
2020-05-13,17-02-24,2
2020-05-13,17-05-45,2
2020-05-13,17-09-06,3
2020-05-13,17-12-27,2
2020-05-13,17-15-48,4
2020-05-13,17-19-09,2
2020-05-13,17-22-30,2
2020-05-13,17-25-51,5
2020-05-13,17-29-12,3
2020-05-13,17-32-33,3
2020-05-13,17-35-54,4
2020-05-13,17-39-15,2
2020-05-13,17-42-36,3
2020-05-13,17-45-57,5
2020-05-13,17-49-18,3
2020-05-13,17-52-39,3
2020-05-13,17-56-00,4
2020-05-13,17-59-21,6
2020-05-13,18-02-42,3
2020-05-13,18-06-03,4
2020-05-13,18-09-24,1
2020-05-13,18-12-45,6
2020-05-13,18-16-06,4
2020-05-13,18-19-27,1
2020-05-13,18-22-48,1
2020-05-13,18-26-09,3
2020-05-14,09-00-00,1
2020-05-14,09-03-21,1
2020-05-14,09-06-42,4
2020-05-14,09-10-03,4
2020-05-14,09-13-24,3
2020-05-14,09-16-45,3
2020-05-14,09-20-06,1
2020-05-14,09-23-27,1
2020-05-14,09-26-48,4
2020-05-14,09-30-09,1
2020-05-14,09-33-30,1
2020-05-14,09-36-51,1
2020-05-14,09-40-12,2
2020-05-14,09-43-33,3
2020-05-14,09-46-54,3
2020-05-14,09-50-15,4
2020-05-14,09-53-36,1
2020-05-14,09-56-57,2
2020-05-14,10-00-18,2
2020-05-14,10-03-39,1
2020-05-14,10-07-00,3
2020-05-14,10-10-21,5
2020-05-14,10-13-42,1
2020-05-14,10-17-03,4
2020-05-14,10-20-24,3
2020-05-14,10-23-45,2
2020-05-14,10-27-06,3
2020-05-14,10-30-27,1
2020-05-14,10-33-48,2
2020-05-14,10-37-09,4
2020-05-14,10-40-30,4
2020-05-14,10-43-51,2
2020-05-14,10-47-12,2
2020-05-14,10-50-33,4
2020-05-14,10-53-54,3
2020-05-14,10-57-15,3
2020-05-14,11-00-36,6
2020-05-14,11-03-57,3
2020-05-14,11-07-18,4
2020-05-14,11-10-39,4
2020-05-14,11-14-00,3
2020-05-14,11-17-21,5
2020-05-14,11-20-42,4
2020-05-14,11-24-03,1
2020-05-14,11-27-24,2
2020-05-14,11-30-45,3
2020-05-14,11-34-06,1
2020-05-14,11-37-27,2
2020-05-14,11-40-48,3
2020-05-14,11-44-09,3
2020-05-14,11-47-30,5
2020-05-14,11-50-51,6
2020-05-14,11-54-12,4
2020-05-14,11-57-33,3
2020-05-14,12-00-54,2
2020-05-14,12-04-15,1
2020-05-14,12-07-36,1
2020-05-14,12-10-57,3
2020-05-14,12-14-18,1
2020-05-14,12-17-39,4
2020-05-14,12-21-00,3
2020-05-14,12-24-21,4
2020-05-14,12-27-42,2
2020-05-14,12-31-03,0
2020-05-14,12-34-24,1
2020-05-14,12-37-45,4
2020-05-14,12-41-06,1
2020-05-14,12-44-27,7
2020-05-14,12-47-48,3
2020-05-14,12-51-09,3
2020-05-14,12-54-30,4
2020-05-14,12-57-51,1
2020-05-14,13-01-12,2
2020-05-14,13-04-33,4
2020-05-14,13-07-54,4
2020-05-14,13-11-15,4
2020-05-14,13-14-36,1
2020-05-14,13-17-57,2
2020-05-14,13-21-18,6
2020-05-14,13-24-39,3
2020-05-14,13-28-00,1
2020-05-14,13-31-21,3
2020-05-14,13-34-42,1
2020-05-14,13-38-03,2
2020-05-14,13-41-24,10
2020-05-14,13-44-45,4
2020-05-14,13-48-06,2
2020-05-14,13-51-27,1
2020-05-14,13-54-48,4
2020-05-14,13-58-09,1
2020-05-14,14-01-30,1
2020-05-14,14-04-51,6
2020-05-14,14-08-12,6
2020-05-14,14-11-33,2
2020-05-14,14-14-54,1
2020-05-14,14-18-15,1
2020-05-14,14-21-36,1
2020-05-14,14-24-57,2
2020-05-14,14-28-18,1
2020-05-14,14-31-39,4
2020-05-14,14-35-00,3
2020-05-14,14-38-21,5
2020-05-14,14-41-42,1
2020-05-14,14-45-03,2
2020-05-14,14-48-24,1
2020-05-14,14-51-45,6
2020-05-14,14-55-06,3
2020-05-14,14-58-27,3
2020-05-14,15-01-48,3
2020-05-14,15-05-09,2
2020-05-14,15-08-30,2
2020-05-14,15-11-51,1
2020-05-14,15-15-12,5
2020-05-14,15-18-33,1
2020-05-14,15-21-54,3
2020-05-14,15-25-15,0
2020-05-14,15-28-36,1
2020-05-14,15-31-57,3
2020-05-14,15-35-18,4
2020-05-14,15-38-39,2
2020-05-14,15-42-00,1
2020-05-14,15-45-21,2
2020-05-14,15-48-42,2
2020-05-14,15-52-03,1
2020-05-14,15-55-24,3
2020-05-14,15-58-45,3
2020-05-14,16-02-06,5
2020-05-14,16-05-27,2
2020-05-14,16-08-48,2
2020-05-14,16-12-09,2
2020-05-14,16-15-30,3
2020-05-14,16-18-51,2
2020-05-14,16-22-12,2
2020-05-14,16-25-33,3
2020-05-14,16-28-54,3
2020-05-14,16-32-15,1
2020-05-14,16-35-36,3
2020-05-14,16-38-57,4
2020-05-14,16-42-18,3
2020-05-14,16-45-39,4
2020-05-14,16-49-00,1
2020-05-14,16-52-21,2
2020-05-14,16-55-42,2
2020-05-14,16-59-03,0
2020-05-14,17-02-24,4
2020-05-14,17-05-45,3
2020-05-14,17-09-06,4
2020-05-14,17-12-27,2
2020-05-14,17-15-48,3
2020-05-14,17-19-09,4
2020-05-14,17-22-30,3
2020-05-14,17-25-51,2
2020-05-14,17-29-12,4
2020-05-14,17-32-33,4
2020-05-14,17-35-54,4
2020-05-14,17-39-15,5
2020-05-14,17-42-36,2
2020-05-14,17-45-57,2
2020-05-14,17-49-18,1
2020-05-14,17-52-39,1
2020-05-14,17-56-00,2
2020-05-14,17-59-21,4
2020-05-14,18-02-42,1
2020-05-14,18-06-03,2
2020-05-14,18-09-24,1
2020-05-14,18-12-45,6
2020-05-14,18-16-06,4
2020-05-14,18-19-27,8
2020-05-14,18-22-48,2
2020-05-14,18-26-09,1
2020-05-15,09-00-00,3
2020-05-15,09-03-21,2
2020-05-15,09-06-42,1
2020-05-15,09-10-03,6
2020-05-15,09-13-24,3
2020-05-15,09-16-45,5
2020-05-15,09-20-06,5
2020-05-15,09-23-27,4
2020-05-15,09-26-48,2
2020-05-15,09-30-09,4
2020-05-15,09-33-30,5
2020-05-15,09-36-51,2
2020-05-15,09-40-12,2
2020-05-15,09-43-33,5
2020-05-15,09-46-54,1
2020-05-15,09-50-15,1
2020-05-15,09-53-36,3
2020-05-15,09-56-57,2
2020-05-15,10-00-18,3
2020-05-15,10-03-39,1
2020-05-15,10-07-00,2
2020-05-15,10-10-21,1
2020-05-15,10-13-42,2
2020-05-15,10-17-03,4
2020-05-15,10-20-24,2
2020-05-15,10-23-45,3
2020-05-15,10-27-06,2
2020-05-15,10-30-27,2
2020-05-15,10-33-48,1
2020-05-15,10-37-09,3
2020-05-15,10-40-30,3
2020-05-15,10-43-51,4
2020-05-15,10-47-12,3
2020-05-15,10-50-33,4
2020-05-15,10-53-54,4
2020-05-15,10-57-15,1
2020-05-15,11-00-36,4
2020-05-15,11-03-57,1
2020-05-15,11-07-18,1
2020-05-15,11-10-39,2
2020-05-15,11-14-00,3
2020-05-15,11-17-21,1
2020-05-15,11-20-42,2
2020-05-15,11-24-03,3
2020-05-15,11-27-24,3
2020-05-15,11-30-45,3
2020-05-15,11-34-06,3
2020-05-15,11-37-27,4
2020-05-15,11-40-48,0
2020-05-15,11-44-09,1
2020-05-15,11-47-30,4
2020-05-15,11-50-51,4
2020-05-15,11-54-12,2
2020-05-15,11-57-33,3
2020-05-15,12-00-54,6
2020-05-15,12-04-15,1
2020-05-15,12-07-36,2
2020-05-15,12-10-57,0
2020-05-15,12-14-18,4
2020-05-15,12-17-39,2
2020-05-15,12-21-00,1
2020-05-15,12-24-21,1
2020-05-15,12-27-42,1
2020-05-15,12-31-03,5
2020-05-15,12-34-24,2
2020-05-15,12-37-45,1
2020-05-15,12-41-06,4
2020-05-15,12-44-27,5
2020-05-15,12-47-48,4
2020-05-15,12-51-09,0
2020-05-15,12-54-30,8
2020-05-15,12-57-51,2
2020-05-15,13-01-12,2
2020-05-15,13-04-33,2
2020-05-15,13-07-54,6
2020-05-15,13-11-15,2
2020-05-15,13-14-36,2
2020-05-15,13-17-57,4
2020-05-15,13-21-18,4
2020-05-15,13-24-39,3
2020-05-15,13-28-00,3
2020-05-15,13-31-21,3
2020-05-15,13-34-42,2
2020-05-15,13-38-03,5
2020-05-15,13-41-24,6
2020-05-15,13-44-45,6
2020-05-15,13-48-06,3
2020-05-15,13-51-27,3
2020-05-15,13-54-48,4
2020-05-15,13-58-09,4
2020-05-15,14-01-30,3
2020-05-15,14-04-51,4
2020-05-15,14-08-12,0
2020-05-15,14-11-33,4
2020-05-15,14-14-54,4
2020-05-15,14-18-15,4
2020-05-15,14-21-36,1
2020-05-15,14-24-57,4
2020-05-15,14-28-18,1
2020-05-15,14-31-39,2
2020-05-15,14-35-00,3
2020-05-15,14-38-21,2
2020-05-15,14-41-42,1
2020-05-15,14-45-03,3
2020-05-15,14-48-24,3
2020-05-15,14-51-45,2
2020-05-15,14-55-06,1
2020-05-15,14-58-27,2
2020-05-15,15-01-48,5
2020-05-15,15-05-09,2
2020-05-15,15-08-30,3
2020-05-15,15-11-51,2
2020-05-15,15-15-12,2
2020-05-15,15-18-33,4
2020-05-15,15-21-54,2
2020-05-15,15-25-15,4
2020-05-15,15-28-36,1
2020-05-15,15-31-57,2
2020-05-15,15-35-18,4
2020-05-15,15-38-39,3
2020-05-15,15-42-00,3
2020-05-15,15-45-21,2
2020-05-15,15-48-42,2
2020-05-15,15-52-03,3
2020-05-15,15-55-24,1
2020-05-15,15-58-45,2
2020-05-15,16-02-06,6
2020-05-15,16-05-27,0
2020-05-15,16-08-48,3
2020-05-15,16-12-09,2
2020-05-15,16-15-30,4
2020-05-15,16-18-51,1
2020-05-15,16-22-12,2
2020-05-15,16-25-33,3
2020-05-15,16-28-54,2
2020-05-15,16-32-15,1
2020-05-15,16-35-36,1
2020-05-15,16-38-57,2
2020-05-15,16-42-18,4
2020-05-15,16-45-39,2
2020-05-15,16-49-00,3
2020-05-15,16-52-21,0
2020-05-15,16-55-42,1
2020-05-15,16-59-03,2
2020-05-15,17-02-24,2
2020-05-15,17-05-45,1
2020-05-15,17-09-06,1
2020-05-15,17-12-27,5
2020-05-15,17-15-48,5
2020-05-15,17-19-09,2
2020-05-15,17-22-30,1
2020-05-15,17-25-51,3
2020-05-15,17-29-12,4
2020-05-15,17-32-33,3
2020-05-15,17-35-54,1
2020-05-15,17-39-15,2
2020-05-15,17-42-36,1
2020-05-15,17-45-57,7
2020-05-15,17-49-18,4
2020-05-15,17-52-39,3
2020-05-15,17-56-00,4
2020-05-15,17-59-21,3
2020-05-15,18-02-42,2
2020-05-15,18-06-03,3
2020-05-15,18-09-24,8
2020-05-15,18-12-45,2
2020-05-15,18-16-06,11
2020-05-15,18-19-27,1
2020-05-15,18-22-48,4
2020-05-15,18-26-09,4
2020-05-16,09-00-00,1
2020-05-16,09-03-21,2
2020-05-16,09-06-42,1
2020-05-16,09-10-03,4
2020-05-16,09-13-24,1
2020-05-16,09-16-45,3
2020-05-16,09-20-06,2
2020-05-16,09-23-27,3
2020-05-16,09-26-48,3
2020-05-16,09-30-09,2
2020-05-16,09-33-30,3
2020-05-16,09-36-51,2
2020-05-16,09-40-12,4
2020-05-16,09-43-33,1
2020-05-16,09-46-54,7
2020-05-16,09-50-15,3
2020-05-16,09-53-36,1
2020-05-16,09-56-57,3
2020-05-16,10-00-18,3
2020-05-16,10-03-39,3
2020-05-16,10-07-00,1
2020-05-16,10-10-21,10
2020-05-16,10-13-42,1
2020-05-16,10-17-03,2
2020-05-16,10-20-24,2
2020-05-16,10-23-45,2
2020-05-16,10-27-06,3
2020-05-16,10-30-27,5
2020-05-16,10-33-48,2
2020-05-16,10-37-09,1
2020-05-16,10-40-30,3
2020-05-16,10-43-51,4
2020-05-16,10-47-12,5
2020-05-16,10-50-33,3
2020-05-16,10-53-54,9
2020-05-16,10-57-15,1
2020-05-16,11-00-36,4
2020-05-16,11-03-57,1
2020-05-16,11-07-18,1
2020-05-16,11-10-39,3
2020-05-16,11-14-00,5
2020-05-16,11-17-21,4
2020-05-16,11-20-42,1
2020-05-16,11-24-03,5
2020-05-16,11-27-24,1
2020-05-16,11-30-45,5
2020-05-16,11-34-06,1
2020-05-16,11-37-27,2
2020-05-16,11-40-48,2
2020-05-16,11-44-09,4
2020-05-16,11-47-30,2
2020-05-16,11-50-51,0
2020-05-16,11-54-12,2
2020-05-16,11-57-33,2
2020-05-16,12-00-54,2
2020-05-16,12-04-15,1
2020-05-16,12-07-36,3
2020-05-16,12-10-57,2
2020-05-16,12-14-18,2
2020-05-16,12-17-39,4
2020-05-16,12-21-00,1
2020-05-16,12-24-21,3
2020-05-16,12-27-42,2
2020-05-16,12-31-03,4
2020-05-16,12-34-24,4
2020-05-16,12-37-45,3
2020-05-16,12-41-06,2
2020-05-16,12-44-27,1
2020-05-16,12-47-48,4
2020-05-16,12-51-09,3
2020-05-16,12-54-30,2
2020-05-16,12-57-51,5
2020-05-16,13-01-12,3
2020-05-16,13-04-33,5
2020-05-16,13-07-54,5
2020-05-16,13-11-15,4
2020-05-16,13-14-36,3
2020-05-16,13-17-57,3
2020-05-16,13-21-18,2
2020-05-16,13-24-39,3
2020-05-16,13-28-00,3
2020-05-16,13-31-21,2
2020-05-16,13-34-42,1
2020-05-16,13-38-03,2
2020-05-16,13-41-24,3
2020-05-16,13-44-45,1
2020-05-16,13-48-06,2
2020-05-16,13-51-27,2
2020-05-16,13-54-48,3
2020-05-16,13-58-09,3
2020-05-16,14-01-30,4
2020-05-16,14-04-51,2
2020-05-16,14-08-12,2
2020-05-16,14-11-33,3
2020-05-16,14-14-54,1
2020-05-16,14-18-15,2
2020-05-16,14-21-36,2
2020-05-16,14-24-57,3
2020-05-16,14-28-18,5
2020-05-16,14-31-39,1
2020-05-16,14-35-00,3
2020-05-16,14-38-21,3
2020-05-16,14-41-42,1
2020-05-16,14-45-03,1
2020-05-16,14-48-24,3
2020-05-16,14-51-45,3
2020-05-16,14-55-06,1
2020-05-16,14-58-27,2
2020-05-16,15-01-48,3
2020-05-16,15-05-09,2
2020-05-16,15-08-30,2
2020-05-16,15-11-51,2
2020-05-16,15-15-12,1
2020-05-16,15-18-33,2
2020-05-16,15-21-54,3
2020-05-16,15-25-15,5
2020-05-16,15-28-36,3
2020-05-16,15-31-57,3
2020-05-16,15-35-18,5
2020-05-16,15-38-39,2
2020-05-16,15-42-00,2
2020-05-16,15-45-21,4
2020-05-16,15-48-42,9
2020-05-16,15-52-03,5
2020-05-16,15-55-24,2
2020-05-16,15-58-45,2
2020-05-16,16-02-06,3
2020-05-16,16-05-27,1
2020-05-16,16-08-48,2
2020-05-16,16-12-09,1
2020-05-16,16-15-30,7
2020-05-16,16-18-51,5
2020-05-16,16-22-12,3
2020-05-16,16-25-33,1
2020-05-16,16-28-54,1
2020-05-16,16-32-15,9
2020-05-16,16-35-36,1
2020-05-16,16-38-57,3
2020-05-16,16-42-18,2
2020-05-16,16-45-39,2
2020-05-16,16-49-00,3
2020-05-16,16-52-21,3
2020-05-16,16-55-42,2
2020-05-16,16-59-03,2
2020-05-16,17-02-24,3
2020-05-16,17-05-45,2
2020-05-16,17-09-06,0
2020-05-16,17-12-27,4
2020-05-16,17-15-48,2
2020-05-16,17-19-09,2
2020-05-16,17-22-30,5
2020-05-16,17-25-51,5
2020-05-16,17-29-12,3
2020-05-16,17-32-33,1
2020-05-16,17-35-54,3
2020-05-16,17-39-15,3
2020-05-16,17-42-36,1
2020-05-16,17-45-57,2
2020-05-16,17-49-18,2
2020-05-16,17-52-39,2
2020-05-16,17-56-00,5
2020-05-16,17-59-21,5
2020-05-16,18-02-42,2
2020-05-16,18-06-03,1
2020-05-16,18-09-24,2
2020-05-16,18-12-45,4
2020-05-16,18-16-06,2
2020-05-16,18-19-27,2
2020-05-16,18-22-48,2
2020-05-16,18-26-09,2
2020-05-17,09-00-00,3
2020-05-17,09-03-21,4
2020-05-17,09-06-42,1
2020-05-17,09-10-03,4
2020-05-17,09-13-24,2
2020-05-17,09-16-45,3
2020-05-17,09-20-06,3
2020-05-17,09-23-27,5
2020-05-17,09-26-48,2
2020-05-17,09-30-09,1
2020-05-17,09-33-30,3
2020-05-17,09-36-51,4
2020-05-17,09-40-12,2
2020-05-17,09-43-33,4
2020-05-17,09-46-54,1
2020-05-17,09-50-15,3
2020-05-17,09-53-36,1
2020-05-17,09-56-57,1
2020-05-17,10-00-18,1
2020-05-17,10-03-39,4
2020-05-17,10-07-00,1
2020-05-17,10-10-21,2
2020-05-17,10-13-42,4
2020-05-17,10-17-03,1
2020-05-17,10-20-24,2
2020-05-17,10-23-45,6
2020-05-17,10-27-06,1
2020-05-17,10-30-27,1
2020-05-17,10-33-48,4
2020-05-17,10-37-09,8
2020-05-17,10-40-30,5
2020-05-17,10-43-51,2
2020-05-17,10-47-12,4
2020-05-17,10-50-33,1
2020-05-17,10-53-54,2
2020-05-17,10-57-15,2
2020-05-17,11-00-36,2
2020-05-17,11-03-57,4
2020-05-17,11-07-18,2
2020-05-17,11-10-39,4
2020-05-17,11-14-00,4
2020-05-17,11-17-21,4
2020-05-17,11-20-42,1
2020-05-17,11-24-03,6
2020-05-17,11-27-24,1
2020-05-17,11-30-45,4
2020-05-17,11-34-06,2
2020-05-17,11-37-27,2
2020-05-17,11-40-48,2
2020-05-17,11-44-09,2
2020-05-17,11-47-30,4
2020-05-17,11-50-51,2
2020-05-17,11-54-12,1
2020-05-17,11-57-33,4
2020-05-17,12-00-54,1
2020-05-17,12-04-15,2
2020-05-17,12-07-36,2
2020-05-17,12-10-57,2
2020-05-17,12-14-18,2
2020-05-17,12-17-39,4
2020-05-17,12-21-00,2
2020-05-17,12-24-21,1
2020-05-17,12-27-42,2
2020-05-17,12-31-03,4
2020-05-17,12-34-24,3
2020-05-17,12-37-45,1
2020-05-17,12-41-06,3
2020-05-17,12-44-27,1
2020-05-17,12-47-48,4
2020-05-17,12-51-09,1
2020-05-17,12-54-30,10
2020-05-17,12-57-51,2
2020-05-17,13-01-12,2
2020-05-17,13-04-33,3
2020-05-17,13-07-54,2
2020-05-17,13-11-15,5
2020-05-17,13-14-36,2
2020-05-17,13-17-57,3
2020-05-17,13-21-18,1
2020-05-17,13-24-39,2
2020-05-17,13-28-00,1
2020-05-17,13-31-21,5
2020-05-17,13-34-42,3
2020-05-17,13-38-03,3
2020-05-17,13-41-24,2
2020-05-17,13-44-45,3
2020-05-17,13-48-06,1
2020-05-17,13-51-27,10
2020-05-17,13-54-48,3
2020-05-17,13-58-09,4
2020-05-17,14-01-30,4
2020-05-17,14-04-51,2
2020-05-17,14-08-12,3
2020-05-17,14-11-33,3
2020-05-17,14-14-54,4
2020-05-17,14-18-15,5
2020-05-17,14-21-36,3
2020-05-17,14-24-57,4
2020-05-17,14-28-18,3
2020-05-17,14-31-39,4
2020-05-17,14-35-00,1
2020-05-17,14-38-21,3
2020-05-17,14-41-42,1
2020-05-17,14-45-03,0
2020-05-17,14-48-24,1
2020-05-17,14-51-45,2
2020-05-17,14-55-06,11
2020-05-17,14-58-27,2
2020-05-17,15-01-48,1
2020-05-17,15-05-09,5
2020-05-17,15-08-30,0
2020-05-17,15-11-51,2
2020-05-17,15-15-12,3
2020-05-17,15-18-33,2
2020-05-17,15-21-54,1
2020-05-17,15-25-15,2
2020-05-17,15-28-36,0
2020-05-17,15-31-57,3
2020-05-17,15-35-18,2
2020-05-17,15-38-39,3
2020-05-17,15-42-00,3
2020-05-17,15-45-21,3
2020-05-17,15-48-42,3
2020-05-17,15-52-03,5
2020-05-17,15-55-24,5
2020-05-17,15-58-45,3
2020-05-17,16-02-06,2
2020-05-17,16-05-27,1
2020-05-17,16-08-48,1
2020-05-17,16-12-09,2
2020-05-17,16-15-30,5
2020-05-17,16-18-51,4
2020-05-17,16-22-12,2
2020-05-17,16-25-33,4
2020-05-17,16-28-54,5
2020-05-17,16-32-15,1
2020-05-17,16-35-36,4
2020-05-17,16-38-57,3
2020-05-17,16-42-18,3
2020-05-17,16-45-39,7
2020-05-17,16-49-00,3
2020-05-17,16-52-21,3
2020-05-17,16-55-42,1
2020-05-17,16-59-03,3
2020-05-17,17-02-24,5
2020-05-17,17-05-45,4
2020-05-17,17-09-06,2
2020-05-17,17-12-27,4
2020-05-17,17-15-48,1
2020-05-17,17-19-09,3
2020-05-17,17-22-30,1
2020-05-17,17-25-51,2
2020-05-17,17-29-12,3
2020-05-17,17-32-33,5
2020-05-17,17-35-54,3
2020-05-17,17-39-15,3
2020-05-17,17-42-36,1
2020-05-17,17-45-57,2
2020-05-17,17-49-18,4
2020-05-17,17-52-39,3
2020-05-17,17-56-00,2
2020-05-17,17-59-21,5
2020-05-17,18-02-42,7
2020-05-17,18-06-03,3
2020-05-17,18-09-24,1
2020-05-17,18-12-45,4
2020-05-17,18-16-06,4
2020-05-17,18-19-27,7
2020-05-17,18-22-48,1
2020-05-17,18-26-09,5
2020-05-18,09-00-00,0
2020-05-18,09-03-21,1
2020-05-18,09-06-42,1
2020-05-18,09-10-03,1
2020-05-18,09-13-24,4
2020-05-18,09-16-45,6
2020-05-18,09-20-06,2
2020-05-18,09-23-27,4
2020-05-18,09-26-48,2
2020-05-18,09-30-09,3
2020-05-18,09-33-30,1
2020-05-18,09-36-51,0
2020-05-18,09-40-12,4
2020-05-18,09-43-33,3
2020-05-18,09-46-54,2
2020-05-18,09-50-15,3
2020-05-18,09-53-36,5
2020-05-18,09-56-57,1
2020-05-18,10-00-18,4
2020-05-18,10-03-39,8
2020-05-18,10-07-00,1
2020-05-18,10-10-21,4
2020-05-18,10-13-42,2
2020-05-18,10-17-03,3
2020-05-18,10-20-24,6
2020-05-18,10-23-45,5
2020-05-18,10-27-06,1
2020-05-18,10-30-27,5
2020-05-18,10-33-48,1
2020-05-18,10-37-09,4
2020-05-18,10-40-30,9
2020-05-18,10-43-51,0
2020-05-18,10-47-12,5
2020-05-18,10-50-33,3
2020-05-18,10-53-54,2
2020-05-18,10-57-15,2
2020-05-18,11-00-36,1
2020-05-18,11-03-57,7
2020-05-18,11-07-18,5
2020-05-18,11-10-39,1
2020-05-18,11-14-00,3
2020-05-18,11-17-21,2
2020-05-18,11-20-42,3
2020-05-18,11-24-03,2
2020-05-18,11-27-24,1
2020-05-18,11-30-45,1
2020-05-18,11-34-06,2
2020-05-18,11-37-27,2
2020-05-18,11-40-48,2
2020-05-18,11-44-09,1
2020-05-18,11-47-30,2
2020-05-18,11-50-51,4
2020-05-18,11-54-12,1
2020-05-18,11-57-33,3
2020-05-18,12-00-54,8
2020-05-18,12-04-15,2
2020-05-18,12-07-36,1
2020-05-18,12-10-57,3
2020-05-18,12-14-18,5
2020-05-18,12-17-39,3
2020-05-18,12-21-00,1
2020-05-18,12-24-21,3
2020-05-18,12-27-42,3
2020-05-18,12-31-03,3
2020-05-18,12-34-24,6
2020-05-18,12-37-45,1
2020-05-18,12-41-06,2
2020-05-18,12-44-27,4
2020-05-18,12-47-48,0
2020-05-18,12-51-09,4
2020-05-18,12-54-30,2
2020-05-18,12-57-51,4
2020-05-18,13-01-12,2
2020-05-18,13-04-33,5
2020-05-18,13-07-54,8
2020-05-18,13-11-15,3
2020-05-18,13-14-36,2
2020-05-18,13-17-57,9
2020-05-18,13-21-18,1
2020-05-18,13-24-39,1
2020-05-18,13-28-00,4
2020-05-18,13-31-21,5
2020-05-18,13-34-42,4
2020-05-18,13-38-03,3
2020-05-18,13-41-24,1
2020-05-18,13-44-45,3
2020-05-18,13-48-06,1
2020-05-18,13-51-27,4
2020-05-18,13-54-48,2
2020-05-18,13-58-09,3
2020-05-18,14-01-30,5
2020-05-18,14-04-51,4
2020-05-18,14-08-12,3
2020-05-18,14-11-33,2
2020-05-18,14-14-54,2
2020-05-18,14-18-15,3
2020-05-18,14-21-36,3
2020-05-18,14-24-57,1
2020-05-18,14-28-18,0
2020-05-18,14-31-39,1
2020-05-18,14-35-00,1
2020-05-18,14-38-21,0
2020-05-18,14-41-42,3
2020-05-18,14-45-03,2
2020-05-18,14-48-24,2
2020-05-18,14-51-45,2
2020-05-18,14-55-06,5
2020-05-18,14-58-27,1
2020-05-18,15-01-48,1
2020-05-18,15-05-09,2
2020-05-18,15-08-30,2
2020-05-18,15-11-51,1
2020-05-18,15-15-12,3
2020-05-18,15-18-33,2
2020-05-18,15-21-54,1
2020-05-18,15-25-15,3
2020-05-18,15-28-36,3
2020-05-18,15-31-57,2
2020-05-18,15-35-18,1
2020-05-18,15-38-39,0
2020-05-18,15-42-00,4
2020-05-18,15-45-21,1
2020-05-18,15-48-42,8
2020-05-18,15-52-03,4
2020-05-18,15-55-24,2
2020-05-18,15-58-45,3
2020-05-18,16-02-06,2
2020-05-18,16-05-27,4
2020-05-18,16-08-48,2
2020-05-18,16-12-09,3
2020-05-18,16-15-30,1
2020-05-18,16-18-51,2
2020-05-18,16-22-12,2
2020-05-18,16-25-33,2
2020-05-18,16-28-54,2
2020-05-18,16-32-15,6
2020-05-18,16-35-36,1
2020-05-18,16-38-57,2
2020-05-18,16-42-18,3
2020-05-18,16-45-39,3
2020-05-18,16-49-00,0
2020-05-18,16-52-21,2
2020-05-18,16-55-42,5
2020-05-18,16-59-03,3
2020-05-18,17-02-24,8
2020-05-18,17-05-45,3
2020-05-18,17-09-06,5
2020-05-18,17-12-27,4
2020-05-18,17-15-48,2
2020-05-18,17-19-09,3
2020-05-18,17-22-30,1
2020-05-18,17-25-51,2
2020-05-18,17-29-12,1
2020-05-18,17-32-33,1
2020-05-18,17-35-54,0
2020-05-18,17-39-15,2
2020-05-18,17-42-36,2
2020-05-18,17-45-57,1
2020-05-18,17-49-18,1
2020-05-18,17-52-39,2
2020-05-18,17-56-00,4
2020-05-18,17-59-21,4
2020-05-18,18-02-42,4
2020-05-18,18-06-03,2
2020-05-18,18-09-24,2
2020-05-18,18-12-45,3
2020-05-18,18-16-06,2
2020-05-18,18-19-27,3
2020-05-18,18-22-48,3
2020-05-18,18-26-09,4
2020-05-19,09-00-00,1
2020-05-19,09-03-21,5
2020-05-19,09-06-42,4
2020-05-19,09-10-03,4
2020-05-19,09-13-24,3
2020-05-19,09-16-45,2
2020-05-19,09-20-06,4
2020-05-19,09-23-27,3
2020-05-19,09-26-48,6
2020-05-19,09-30-09,1
2020-05-19,09-33-30,6
2020-05-19,09-36-51,2
2020-05-19,09-40-12,1
2020-05-19,09-43-33,3
2020-05-19,09-46-54,4
2020-05-19,09-50-15,1
2020-05-19,09-53-36,5
2020-05-19,09-56-57,2
2020-05-19,10-00-18,4
2020-05-19,10-03-39,3
2020-05-19,10-07-00,4
2020-05-19,10-10-21,1
2020-05-19,10-13-42,1
2020-05-19,10-17-03,1
2020-05-19,10-20-24,2
2020-05-19,10-23-45,4
2020-05-19,10-27-06,1
2020-05-19,10-30-27,2
2020-05-19,10-33-48,4
2020-05-19,10-37-09,0
2020-05-19,10-40-30,3
2020-05-19,10-43-51,3
2020-05-19,10-47-12,5
2020-05-19,10-50-33,5
2020-05-19,10-53-54,1
2020-05-19,10-57-15,3
2020-05-19,11-00-36,5
2020-05-19,11-03-57,2
2020-05-19,11-07-18,4
2020-05-19,11-10-39,2
2020-05-19,11-14-00,2
2020-05-19,11-17-21,3
2020-05-19,11-20-42,4
2020-05-19,11-24-03,3
2020-05-19,11-27-24,3
2020-05-19,11-30-45,1
2020-05-19,11-34-06,2
2020-05-19,11-37-27,1
2020-05-19,11-40-48,3
2020-05-19,11-44-09,5
2020-05-19,11-47-30,2
2020-05-19,11-50-51,1
2020-05-19,11-54-12,2
2020-05-19,11-57-33,2
2020-05-19,12-00-54,2
2020-05-19,12-04-15,0
2020-05-19,12-07-36,7
2020-05-19,12-10-57,3
2020-05-19,12-14-18,3
2020-05-19,12-17-39,2
2020-05-19,12-21-00,4
2020-05-19,12-24-21,2
2020-05-19,12-27-42,4
2020-05-19,12-31-03,2
2020-05-19,12-34-24,2
2020-05-19,12-37-45,3
2020-05-19,12-41-06,3
2020-05-19,12-44-27,1
2020-05-19,12-47-48,1
2020-05-19,12-51-09,2
2020-05-19,12-54-30,1
2020-05-19,12-57-51,1
2020-05-19,13-01-12,3
2020-05-19,13-04-33,3
2020-05-19,13-07-54,4
2020-05-19,13-11-15,2
2020-05-19,13-14-36,1
2020-05-19,13-17-57,6
2020-05-19,13-21-18,4
2020-05-19,13-24-39,5
2020-05-19,13-28-00,6
2020-05-19,13-31-21,1
2020-05-19,13-34-42,3
2020-05-19,13-38-03,3
2020-05-19,13-41-24,2
2020-05-19,13-44-45,1
2020-05-19,13-48-06,3
2020-05-19,13-51-27,3
2020-05-19,13-54-48,2
2020-05-19,13-58-09,2
2020-05-19,14-01-30,2
2020-05-19,14-04-51,3
2020-05-19,14-08-12,2
2020-05-19,14-11-33,8
2020-05-19,14-14-54,3
2020-05-19,14-18-15,3
2020-05-19,14-21-36,7
2020-05-19,14-24-57,1
2020-05-19,14-28-18,1
2020-05-19,14-31-39,3
2020-05-19,14-35-00,3
2020-05-19,14-38-21,6
2020-05-19,14-41-42,2
2020-05-19,14-45-03,2
2020-05-19,14-48-24,1
2020-05-19,14-51-45,3
2020-05-19,14-55-06,1
2020-05-19,14-58-27,3
2020-05-19,15-01-48,5
2020-05-19,15-05-09,1
2020-05-19,15-08-30,3
2020-05-19,15-11-51,6
2020-05-19,15-15-12,1
2020-05-19,15-18-33,1
2020-05-19,15-21-54,2
2020-05-19,15-25-15,4
2020-05-19,15-28-36,3
2020-05-19,15-31-57,3
2020-05-19,15-35-18,1
2020-05-19,15-38-39,1
2020-05-19,15-42-00,2
2020-05-19,15-45-21,5
2020-05-19,15-48-42,2
2020-05-19,15-52-03,2
2020-05-19,15-55-24,3
2020-05-19,15-58-45,6
2020-05-19,16-02-06,4
2020-05-19,16-05-27,7
2020-05-19,16-08-48,6
2020-05-19,16-12-09,1
2020-05-19,16-15-30,5
2020-05-19,16-18-51,2
2020-05-19,16-22-12,3
2020-05-19,16-25-33,7
2020-05-19,16-28-54,3
2020-05-19,16-32-15,1
2020-05-19,16-35-36,2
2020-05-19,16-38-57,2
2020-05-19,16-42-18,1
2020-05-19,16-45-39,4
2020-05-19,16-49-00,0
2020-05-19,16-52-21,1
2020-05-19,16-55-42,1
2020-05-19,16-59-03,2
2020-05-19,17-02-24,1
2020-05-19,17-05-45,1
2020-05-19,17-09-06,3
2020-05-19,17-12-27,1
2020-05-19,17-15-48,1
2020-05-19,17-19-09,4
2020-05-19,17-22-30,5
2020-05-19,17-25-51,2
2020-05-19,17-29-12,2
2020-05-19,17-32-33,6
2020-05-19,17-35-54,2
2020-05-19,17-39-15,2
2020-05-19,17-42-36,1
2020-05-19,17-45-57,6
2020-05-19,17-49-18,2
2020-05-19,17-52-39,2
2020-05-19,17-56-00,3
2020-05-19,17-59-21,1
2020-05-19,18-02-42,1
2020-05-19,18-06-03,0
2020-05-19,18-09-24,2
2020-05-19,18-12-45,3
2020-05-19,18-16-06,6
2020-05-19,18-19-27,2
2020-05-19,18-22-48,3
2020-05-19,18-26-09,4
2020-05-20,09-00-00,4
2020-05-20,09-03-21,4
2020-05-20,09-06-42,3
2020-05-20,09-10-03,1
2020-05-20,09-13-24,5
2020-05-20,09-16-45,2
2020-05-20,09-20-06,1
2020-05-20,09-23-27,8
2020-05-20,09-26-48,2
2020-05-20,09-30-09,4
2020-05-20,09-33-30,2
2020-05-20,09-36-51,5
2020-05-20,09-40-12,0
2020-05-20,09-43-33,4
2020-05-20,09-46-54,2
2020-05-20,09-50-15,2
2020-05-20,09-53-36,4
2020-05-20,09-56-57,5
2020-05-20,10-00-18,2
2020-05-20,10-03-39,1
2020-05-20,10-07-00,3
2020-05-20,10-10-21,4
2020-05-20,10-13-42,5
2020-05-20,10-17-03,1
2020-05-20,10-20-24,4
2020-05-20,10-23-45,2
2020-05-20,10-27-06,1
2020-05-20,10-30-27,1
2020-05-20,10-33-48,4
2020-05-20,10-37-09,3
2020-05-20,10-40-30,5
2020-05-20,10-43-51,3
2020-05-20,10-47-12,3
2020-05-20,10-50-33,6
2020-05-20,10-53-54,1
2020-05-20,10-57-15,2
2020-05-20,11-00-36,5
2020-05-20,11-03-57,3
2020-05-20,11-07-18,4
2020-05-20,11-10-39,6
2020-05-20,11-14-00,4
2020-05-20,11-17-21,2
2020-05-20,11-20-42,7
2020-05-20,11-24-03,4
2020-05-20,11-27-24,1
2020-05-20,11-30-45,3
2020-05-20,11-34-06,2
2020-05-20,11-37-27,2
2020-05-20,11-40-48,1
2020-05-20,11-44-09,0
2020-05-20,11-47-30,0
2020-05-20,11-50-51,5
2020-05-20,11-54-12,1
2020-05-20,11-57-33,3
2020-05-20,12-00-54,1
2020-05-20,12-04-15,1
2020-05-20,12-07-36,1
2020-05-20,12-10-57,2
2020-05-20,12-14-18,2
2020-05-20,12-17-39,4
2020-05-20,12-21-00,3
2020-05-20,12-24-21,1
2020-05-20,12-27-42,1
2020-05-20,12-31-03,2
2020-05-20,12-34-24,2
2020-05-20,12-37-45,3
2020-05-20,12-41-06,1
2020-05-20,12-44-27,2
2020-05-20,12-47-48,5
2020-05-20,12-51-09,6
2020-05-20,12-54-30,3
2020-05-20,12-57-51,2
2020-05-20,13-01-12,1
2020-05-20,13-04-33,2
2020-05-20,13-07-54,3
2020-05-20,13-11-15,1
2020-05-20,13-14-36,5
2020-05-20,13-17-57,0
2020-05-20,13-21-18,1
2020-05-20,13-24-39,2
2020-05-20,13-28-00,6
2020-05-20,13-31-21,3
2020-05-20,13-34-42,2
2020-05-20,13-38-03,3
2020-05-20,13-41-24,4
2020-05-20,13-44-45,4
2020-05-20,13-48-06,6
2020-05-20,13-51-27,3
2020-05-20,13-54-48,1
2020-05-20,13-58-09,2
2020-05-20,14-01-30,2
2020-05-20,14-04-51,4
2020-05-20,14-08-12,1
2020-05-20,14-11-33,2
2020-05-20,14-14-54,2
2020-05-20,14-18-15,3
2020-05-20,14-21-36,5
2020-05-20,14-24-57,3
2020-05-20,14-28-18,7
2020-05-20,14-31-39,3
2020-05-20,14-35-00,1
2020-05-20,14-38-21,2
2020-05-20,14-41-42,2
2020-05-20,14-45-03,3
2020-05-20,14-48-24,4
2020-05-20,14-51-45,4
2020-05-20,14-55-06,10
2020-05-20,14-58-27,2
2020-05-20,15-01-48,3
2020-05-20,15-05-09,2
2020-05-20,15-08-30,1
2020-05-20,15-11-51,5
2020-05-20,15-15-12,1
2020-05-20,15-18-33,2
2020-05-20,15-21-54,2
2020-05-20,15-25-15,4
2020-05-20,15-28-36,2
2020-05-20,15-31-57,0
2020-05-20,15-35-18,1
2020-05-20,15-38-39,1
2020-05-20,15-42-00,4
2020-05-20,15-45-21,1
2020-05-20,15-48-42,2
2020-05-20,15-52-03,3
2020-05-20,15-55-24,2
2020-05-20,15-58-45,3
2020-05-20,16-02-06,1
2020-05-20,16-05-27,4
2020-05-20,16-08-48,3
2020-05-20,16-12-09,2
2020-05-20,16-15-30,5
2020-05-20,16-18-51,3
2020-05-20,16-22-12,3
2020-05-20,16-25-33,6
2020-05-20,16-28-54,1
2020-05-20,16-32-15,3
2020-05-20,16-35-36,1
2020-05-20,16-38-57,2
2020-05-20,16-42-18,1
2020-05-20,16-45-39,4
2020-05-20,16-49-00,5
2020-05-20,16-52-21,3
2020-05-20,16-55-42,2
2020-05-20,16-59-03,4
2020-05-20,17-02-24,3
2020-05-20,17-05-45,3
2020-05-20,17-09-06,1
2020-05-20,17-12-27,2
2020-05-20,17-15-48,2
2020-05-20,17-19-09,2
2020-05-20,17-22-30,3
2020-05-20,17-25-51,5
2020-05-20,17-29-12,4
2020-05-20,17-32-33,3
2020-05-20,17-35-54,2
2020-05-20,17-39-15,3
2020-05-20,17-42-36,2
2020-05-20,17-45-57,4
2020-05-20,17-49-18,1
2020-05-20,17-52-39,1
2020-05-20,17-56-00,1
2020-05-20,17-59-21,4
2020-05-20,18-02-42,5
2020-05-20,18-06-03,3
2020-05-20,18-09-24,1
2020-05-20,18-12-45,3
2020-05-20,18-16-06,5
2020-05-20,18-19-27,3
2020-05-20,18-22-48,5
2020-05-20,18-26-09,4
2020-05-21,09-00-00,1
2020-05-21,09-03-21,3
2020-05-21,09-06-42,1
2020-05-21,09-10-03,1
2020-05-21,09-13-24,2
2020-05-21,09-16-45,2
2020-05-21,09-20-06,3
2020-05-21,09-23-27,4
2020-05-21,09-26-48,5
2020-05-21,09-30-09,3
2020-05-21,09-33-30,3
2020-05-21,09-36-51,4
2020-05-21,09-40-12,3
2020-05-21,09-43-33,0
2020-05-21,09-46-54,1
2020-05-21,09-50-15,2
2020-05-21,09-53-36,2
2020-05-21,09-56-57,5
2020-05-21,10-00-18,4
2020-05-21,10-03-39,6
2020-05-21,10-07-00,2
2020-05-21,10-10-21,5
2020-05-21,10-13-42,3
2020-05-21,10-17-03,2
2020-05-21,10-20-24,1
2020-05-21,10-23-45,3
2020-05-21,10-27-06,3
2020-05-21,10-30-27,4
2020-05-21,10-33-48,5
2020-05-21,10-37-09,4
2020-05-21,10-40-30,0
2020-05-21,10-43-51,1
2020-05-21,10-47-12,2
2020-05-21,10-50-33,3
2020-05-21,10-53-54,3
2020-05-21,10-57-15,4
2020-05-21,11-00-36,2
2020-05-21,11-03-57,1
2020-05-21,11-07-18,2
2020-05-21,11-10-39,9
2020-05-21,11-14-00,3
2020-05-21,11-17-21,1
2020-05-21,11-20-42,4
2020-05-21,11-24-03,3
2020-05-21,11-27-24,1
2020-05-21,11-30-45,2
2020-05-21,11-34-06,2
2020-05-21,11-37-27,3
2020-05-21,11-40-48,2
2020-05-21,11-44-09,5
2020-05-21,11-47-30,2
2020-05-21,11-50-51,5
2020-05-21,11-54-12,3
2020-05-21,11-57-33,3
2020-05-21,12-00-54,1
2020-05-21,12-04-15,6
2020-05-21,12-07-36,4
2020-05-21,12-10-57,2
2020-05-21,12-14-18,2
2020-05-21,12-17-39,3
2020-05-21,12-21-00,2
2020-05-21,12-24-21,5
2020-05-21,12-27-42,1
2020-05-21,12-31-03,3
2020-05-21,12-34-24,3
2020-05-21,12-37-45,4
2020-05-21,12-41-06,3
2020-05-21,12-44-27,5
2020-05-21,12-47-48,3
2020-05-21,12-51-09,2
2020-05-21,12-54-30,6
2020-05-21,12-57-51,3
2020-05-21,13-01-12,1
2020-05-21,13-04-33,1
2020-05-21,13-07-54,4
2020-05-21,13-11-15,3
2020-05-21,13-14-36,3
2020-05-21,13-17-57,7
2020-05-21,13-21-18,2
2020-05-21,13-24-39,5
2020-05-21,13-28-00,2
2020-05-21,13-31-21,6
2020-05-21,13-34-42,1
2020-05-21,13-38-03,1
2020-05-21,13-41-24,4
2020-05-21,13-44-45,3
2020-05-21,13-48-06,0
2020-05-21,13-51-27,1
2020-05-21,13-54-48,3
2020-05-21,13-58-09,2
2020-05-21,14-01-30,1
2020-05-21,14-04-51,5
2020-05-21,14-08-12,3
2020-05-21,14-11-33,3
2020-05-21,14-14-54,6
2020-05-21,14-18-15,1
2020-05-21,14-21-36,2
2020-05-21,14-24-57,0
2020-05-21,14-28-18,4
2020-05-21,14-31-39,2
2020-05-21,14-35-00,3
2020-05-21,14-38-21,1
2020-05-21,14-41-42,3
2020-05-21,14-45-03,3
2020-05-21,14-48-24,5
2020-05-21,14-51-45,6
2020-05-21,14-55-06,3
2020-05-21,14-58-27,1
2020-05-21,15-01-48,3
2020-05-21,15-05-09,1
2020-05-21,15-08-30,4
2020-05-21,15-11-51,4
2020-05-21,15-15-12,5
2020-05-21,15-18-33,2
2020-05-21,15-21-54,1
2020-05-21,15-25-15,2
2020-05-21,15-28-36,6
2020-05-21,15-31-57,1
2020-05-21,15-35-18,2
2020-05-21,15-38-39,6
2020-05-21,15-42-00,2
2020-05-21,15-45-21,3
2020-05-21,15-48-42,2
2020-05-21,15-52-03,5
2020-05-21,15-55-24,6
2020-05-21,15-58-45,1
2020-05-21,16-02-06,1
2020-05-21,16-05-27,1
2020-05-21,16-08-48,4
2020-05-21,16-12-09,3
2020-05-21,16-15-30,3
2020-05-21,16-18-51,1
2020-05-21,16-22-12,2
2020-05-21,16-25-33,3
2020-05-21,16-28-54,4
2020-05-21,16-32-15,6
2020-05-21,16-35-36,2
2020-05-21,16-38-57,1
2020-05-21,16-42-18,1
2020-05-21,16-45-39,3
2020-05-21,16-49-00,2
2020-05-21,16-52-21,2
2020-05-21,16-55-42,2
2020-05-21,16-59-03,3
2020-05-21,17-02-24,6
2020-05-21,17-05-45,7
2020-05-21,17-09-06,2
2020-05-21,17-12-27,5
2020-05-21,17-15-48,3
2020-05-21,17-19-09,2
2020-05-21,17-22-30,3
2020-05-21,17-25-51,2
2020-05-21,17-29-12,5
2020-05-21,17-32-33,2
2020-05-21,17-35-54,3
2020-05-21,17-39-15,3
2020-05-21,17-42-36,4
2020-05-21,17-45-57,3
2020-05-21,17-49-18,4
2020-05-21,17-52-39,8
2020-05-21,17-56-00,5
2020-05-21,17-59-21,3
2020-05-21,18-02-42,1
2020-05-21,18-06-03,1
2020-05-21,18-09-24,8
2020-05-21,18-12-45,1
2020-05-21,18-16-06,4
2020-05-21,18-19-27,2
2020-05-21,18-22-48,3
2020-05-21,18-26-09,1
2020-05-22,09-00-00,2
2020-05-22,09-03-21,9
2020-05-22,09-06-42,3
2020-05-22,09-10-03,1
2020-05-22,09-13-24,2
2020-05-22,09-16-45,2
2020-05-22,09-20-06,2
2020-05-22,09-23-27,2
2020-05-22,09-26-48,3
2020-05-22,09-30-09,4
2020-05-22,09-33-30,4
2020-05-22,09-36-51,7
2020-05-22,09-40-12,5
2020-05-22,09-43-33,2
2020-05-22,09-46-54,1
2020-05-22,09-50-15,3
2020-05-22,09-53-36,6
2020-05-22,09-56-57,1
2020-05-22,10-00-18,1
2020-05-22,10-03-39,2
2020-05-22,10-07-00,1
2020-05-22,10-10-21,3
2020-05-22,10-13-42,2
2020-05-22,10-17-03,4
2020-05-22,10-20-24,2
2020-05-22,10-23-45,2
2020-05-22,10-27-06,2
2020-05-22,10-30-27,2
2020-05-22,10-33-48,1
2020-05-22,10-37-09,9
2020-05-22,10-40-30,3
2020-05-22,10-43-51,6
2020-05-22,10-47-12,4
2020-05-22,10-50-33,3
2020-05-22,10-53-54,1
2020-05-22,10-57-15,4
2020-05-22,11-00-36,1
2020-05-22,11-03-57,2
2020-05-22,11-07-18,2
2020-05-22,11-10-39,2
2020-05-22,11-14-00,4
2020-05-22,11-17-21,1
2020-05-22,11-20-42,4
2020-05-22,11-24-03,5
2020-05-22,11-27-24,2
2020-05-22,11-30-45,3
2020-05-22,11-34-06,2
2020-05-22,11-37-27,4
2020-05-22,11-40-48,2
2020-05-22,11-44-09,2
2020-05-22,11-47-30,1
2020-05-22,11-50-51,6
2020-05-22,11-54-12,3
2020-05-22,11-57-33,2
2020-05-22,12-00-54,4
2020-05-22,12-04-15,5
2020-05-22,12-07-36,3
2020-05-22,12-10-57,1
2020-05-22,12-14-18,5
2020-05-22,12-17-39,2
2020-05-22,12-21-00,2
2020-05-22,12-24-21,3
2020-05-22,12-27-42,3
2020-05-22,12-31-03,0
2020-05-22,12-34-24,3
2020-05-22,12-37-45,1
2020-05-22,12-41-06,1
2020-05-22,12-44-27,3
2020-05-22,12-47-48,2
2020-05-22,12-51-09,5
2020-05-22,12-54-30,2
2020-05-22,12-57-51,2
2020-05-22,13-01-12,0
2020-05-22,13-04-33,4
2020-05-22,13-07-54,3
2020-05-22,13-11-15,4
2020-05-22,13-14-36,2
2020-05-22,13-17-57,3
2020-05-22,13-21-18,1
2020-05-22,13-24-39,3
2020-05-22,13-28-00,5
2020-05-22,13-31-21,1
2020-05-22,13-34-42,2
2020-05-22,13-38-03,7
2020-05-22,13-41-24,4
2020-05-22,13-44-45,4
2020-05-22,13-48-06,3
2020-05-22,13-51-27,3
2020-05-22,13-54-48,6
2020-05-22,13-58-09,5
2020-05-22,14-01-30,5
2020-05-22,14-04-51,1
2020-05-22,14-08-12,2
2020-05-22,14-11-33,1
2020-05-22,14-14-54,1
2020-05-22,14-18-15,2
2020-05-22,14-21-36,1
2020-05-22,14-24-57,2
2020-05-22,14-28-18,3
2020-05-22,14-31-39,4
2020-05-22,14-35-00,4
2020-05-22,14-38-21,4
2020-05-22,14-41-42,2
2020-05-22,14-45-03,1
2020-05-22,14-48-24,5
2020-05-22,14-51-45,0
2020-05-22,14-55-06,2
2020-05-22,14-58-27,6
2020-05-22,15-01-48,5
2020-05-22,15-05-09,4
2020-05-22,15-08-30,4
2020-05-22,15-11-51,2
2020-05-22,15-15-12,2
2020-05-22,15-18-33,1
2020-05-22,15-21-54,2
2020-05-22,15-25-15,2
2020-05-22,15-28-36,2
2020-05-22,15-31-57,3
2020-05-22,15-35-18,4
2020-05-22,15-38-39,2
2020-05-22,15-42-00,5
2020-05-22,15-45-21,2
2020-05-22,15-48-42,2
2020-05-22,15-52-03,2
2020-05-22,15-55-24,2
2020-05-22,15-58-45,3
2020-05-22,16-02-06,3
2020-05-22,16-05-27,7
2020-05-22,16-08-48,3
2020-05-22,16-12-09,3
2020-05-22,16-15-30,3
2020-05-22,16-18-51,4
2020-05-22,16-22-12,3
2020-05-22,16-25-33,3
2020-05-22,16-28-54,4
2020-05-22,16-32-15,2
2020-05-22,16-35-36,1
2020-05-22,16-38-57,4
2020-05-22,16-42-18,1
2020-05-22,16-45-39,1
2020-05-22,16-49-00,2
2020-05-22,16-52-21,3
2020-05-22,16-55-42,3
2020-05-22,16-59-03,5
2020-05-22,17-02-24,1
2020-05-22,17-05-45,1
2020-05-22,17-09-06,4
2020-05-22,17-12-27,2
2020-05-22,17-15-48,3
2020-05-22,17-19-09,4
2020-05-22,17-22-30,1
2020-05-22,17-25-51,1
2020-05-22,17-29-12,4
2020-05-22,17-32-33,2
2020-05-22,17-35-54,4
2020-05-22,17-39-15,2
2020-05-22,17-42-36,6
2020-05-22,17-45-57,2
2020-05-22,17-49-18,3
2020-05-22,17-52-39,6
2020-05-22,17-56-00,5
2020-05-22,17-59-21,4
2020-05-22,18-02-42,3
2020-05-22,18-06-03,1
2020-05-22,18-09-24,8
2020-05-22,18-12-45,4
2020-05-22,18-16-06,4
2020-05-22,18-19-27,5
2020-05-22,18-22-48,5
2020-05-22,18-26-09,3
2020-05-23,09-00-00,5
2020-05-23,09-03-21,1
2020-05-23,09-06-42,4
2020-05-23,09-10-03,5
2020-05-23,09-13-24,4
2020-05-23,09-16-45,0
2020-05-23,09-20-06,6
2020-05-23,09-23-27,4
2020-05-23,09-26-48,1
2020-05-23,09-30-09,3
2020-05-23,09-33-30,3
2020-05-23,09-36-51,3
2020-05-23,09-40-12,1
2020-05-23,09-43-33,3
2020-05-23,09-46-54,3
2020-05-23,09-50-15,1
2020-05-23,09-53-36,4
2020-05-23,09-56-57,11
2020-05-23,10-00-18,2
2020-05-23,10-03-39,1
2020-05-23,10-07-00,4
2020-05-23,10-10-21,4
2020-05-23,10-13-42,3
2020-05-23,10-17-03,2
2020-05-23,10-20-24,4
2020-05-23,10-23-45,2
2020-05-23,10-27-06,4
2020-05-23,10-30-27,2
2020-05-23,10-33-48,3
2020-05-23,10-37-09,4
2020-05-23,10-40-30,4
2020-05-23,10-43-51,5
2020-05-23,10-47-12,1
2020-05-23,10-50-33,1
2020-05-23,10-53-54,1
2020-05-23,10-57-15,1
2020-05-23,11-00-36,3
2020-05-23,11-03-57,1
2020-05-23,11-07-18,0
2020-05-23,11-10-39,2
2020-05-23,11-14-00,7
2020-05-23,11-17-21,1
2020-05-23,11-20-42,1
2020-05-23,11-24-03,1
2020-05-23,11-27-24,2
2020-05-23,11-30-45,2
2020-05-23,11-34-06,3
2020-05-23,11-37-27,5
2020-05-23,11-40-48,2
2020-05-23,11-44-09,2
2020-05-23,11-47-30,10
2020-05-23,11-50-51,3
2020-05-23,11-54-12,2
2020-05-23,11-57-33,5
2020-05-23,12-00-54,4
2020-05-23,12-04-15,3
2020-05-23,12-07-36,2
2020-05-23,12-10-57,3
2020-05-23,12-14-18,1
2020-05-23,12-17-39,2
2020-05-23,12-21-00,4
2020-05-23,12-24-21,4
2020-05-23,12-27-42,4
2020-05-23,12-31-03,2
2020-05-23,12-34-24,2
2020-05-23,12-37-45,3
2020-05-23,12-41-06,2
2020-05-23,12-44-27,1
2020-05-23,12-47-48,3
2020-05-23,12-51-09,4
2020-05-23,12-54-30,0
2020-05-23,12-57-51,4
2020-05-23,13-01-12,4
2020-05-23,13-04-33,6
2020-05-23,13-07-54,1
2020-05-23,13-11-15,5
2020-05-23,13-14-36,1
2020-05-23,13-17-57,3
2020-05-23,13-21-18,2
2020-05-23,13-24-39,2
2020-05-23,13-28-00,6
2020-05-23,13-31-21,4
2020-05-23,13-34-42,2
2020-05-23,13-38-03,3
2020-05-23,13-41-24,1
2020-05-23,13-44-45,2
2020-05-23,13-48-06,3
2020-05-23,13-51-27,1
2020-05-23,13-54-48,3
2020-05-23,13-58-09,4
2020-05-23,14-01-30,1
2020-05-23,14-04-51,5
2020-05-23,14-08-12,5
2020-05-23,14-11-33,2
2020-05-23,14-14-54,2
2020-05-23,14-18-15,2
2020-05-23,14-21-36,3
2020-05-23,14-24-57,1
2020-05-23,14-28-18,5
2020-05-23,14-31-39,1
2020-05-23,14-35-00,7
2020-05-23,14-38-21,1
2020-05-23,14-41-42,5
2020-05-23,14-45-03,0
2020-05-23,14-48-24,7
2020-05-23,14-51-45,0
2020-05-23,14-55-06,5
2020-05-23,14-58-27,0
2020-05-23,15-01-48,3
2020-05-23,15-05-09,1
2020-05-23,15-08-30,4
2020-05-23,15-11-51,6
2020-05-23,15-15-12,5
2020-05-23,15-18-33,3
2020-05-23,15-21-54,3
2020-05-23,15-25-15,2
2020-05-23,15-28-36,1
2020-05-23,15-31-57,4
2020-05-23,15-35-18,1
2020-05-23,15-38-39,4
2020-05-23,15-42-00,4
2020-05-23,15-45-21,4
2020-05-23,15-48-42,4
2020-05-23,15-52-03,2
2020-05-23,15-55-24,1
2020-05-23,15-58-45,3
2020-05-23,16-02-06,5
2020-05-23,16-05-27,3
2020-05-23,16-08-48,1
2020-05-23,16-12-09,4
2020-05-23,16-15-30,7
2020-05-23,16-18-51,2
2020-05-23,16-22-12,2
2020-05-23,16-25-33,1
2020-05-23,16-28-54,1
2020-05-23,16-32-15,1
2020-05-23,16-35-36,1
2020-05-23,16-38-57,2
2020-05-23,16-42-18,1
2020-05-23,16-45-39,3
2020-05-23,16-49-00,0
2020-05-23,16-52-21,1
2020-05-23,16-55-42,4
2020-05-23,16-59-03,5
2020-05-23,17-02-24,2
2020-05-23,17-05-45,2
2020-05-23,17-09-06,5
2020-05-23,17-12-27,1
2020-05-23,17-15-48,1
2020-05-23,17-19-09,5
2020-05-23,17-22-30,3
2020-05-23,17-25-51,2
2020-05-23,17-29-12,4
2020-05-23,17-32-33,5
2020-05-23,17-35-54,4
2020-05-23,17-39-15,0
2020-05-23,17-42-36,1
2020-05-23,17-45-57,2
2020-05-23,17-49-18,2
2020-05-23,17-52-39,3
2020-05-23,17-56-00,9
2020-05-23,17-59-21,1
2020-05-23,18-02-42,6
2020-05-23,18-06-03,2
2020-05-23,18-09-24,3
2020-05-23,18-12-45,1
2020-05-23,18-16-06,1
2020-05-23,18-19-27,4
2020-05-23,18-22-48,2
2020-05-23,18-26-09,1
2020-05-24,09-00-00,1
2020-05-24,09-03-21,2
2020-05-24,09-06-42,4
2020-05-24,09-10-03,2
2020-05-24,09-13-24,3
2020-05-24,09-16-45,2
2020-05-24,09-20-06,1
2020-05-24,09-23-27,3
2020-05-24,09-26-48,1
2020-05-24,09-30-09,3
2020-05-24,09-33-30,1
2020-05-24,09-36-51,5
2020-05-24,09-40-12,1
2020-05-24,09-43-33,2
2020-05-24,09-46-54,1
2020-05-24,09-50-15,3
2020-05-24,09-53-36,3
2020-05-24,09-56-57,5
2020-05-24,10-00-18,7
2020-05-24,10-03-39,2
2020-05-24,10-07-00,0
2020-05-24,10-10-21,2
2020-05-24,10-13-42,1
2020-05-24,10-17-03,1
2020-05-24,10-20-24,4
2020-05-24,10-23-45,2
2020-05-24,10-27-06,2
2020-05-24,10-30-27,4
2020-05-24,10-33-48,1
2020-05-24,10-37-09,5
2020-05-24,10-40-30,1
2020-05-24,10-43-51,2
2020-05-24,10-47-12,2
2020-05-24,10-50-33,4
2020-05-24,10-53-54,7
2020-05-24,10-57-15,1
2020-05-24,11-00-36,2
2020-05-24,11-03-57,1
2020-05-24,11-07-18,2
2020-05-24,11-10-39,3
2020-05-24,11-14-00,1
2020-05-24,11-17-21,4
2020-05-24,11-20-42,1
2020-05-24,11-24-03,4
2020-05-24,11-27-24,3
2020-05-24,11-30-45,4
2020-05-24,11-34-06,3
2020-05-24,11-37-27,3
2020-05-24,11-40-48,1
2020-05-24,11-44-09,3
2020-05-24,11-47-30,5
2020-05-24,11-50-51,2
2020-05-24,11-54-12,2
2020-05-24,11-57-33,1
2020-05-24,12-00-54,1
2020-05-24,12-04-15,4
2020-05-24,12-07-36,5
2020-05-24,12-10-57,5
2020-05-24,12-14-18,2
2020-05-24,12-17-39,5
2020-05-24,12-21-00,5
2020-05-24,12-24-21,2
2020-05-24,12-27-42,4
2020-05-24,12-31-03,3
2020-05-24,12-34-24,1
2020-05-24,12-37-45,2
2020-05-24,12-41-06,5
2020-05-24,12-44-27,2
2020-05-24,12-47-48,2
2020-05-24,12-51-09,2
2020-05-24,12-54-30,1
2020-05-24,12-57-51,1
2020-05-24,13-01-12,2
2020-05-24,13-04-33,2
2020-05-24,13-07-54,1
2020-05-24,13-11-15,2
2020-05-24,13-14-36,4
2020-05-24,13-17-57,4
2020-05-24,13-21-18,3
2020-05-24,13-24-39,3
2020-05-24,13-28-00,1
2020-05-24,13-31-21,2
2020-05-24,13-34-42,1
2020-05-24,13-38-03,1
2020-05-24,13-41-24,2
2020-05-24,13-44-45,6
2020-05-24,13-48-06,4
2020-05-24,13-51-27,2
2020-05-24,13-54-48,1
2020-05-24,13-58-09,8
2020-05-24,14-01-30,5
2020-05-24,14-04-51,3
2020-05-24,14-08-12,2
2020-05-24,14-11-33,5
2020-05-24,14-14-54,1
2020-05-24,14-18-15,1
2020-05-24,14-21-36,2
2020-05-24,14-24-57,2
2020-05-24,14-28-18,2
2020-05-24,14-31-39,1
2020-05-24,14-35-00,1
2020-05-24,14-38-21,2
2020-05-24,14-41-42,1
2020-05-24,14-45-03,3
2020-05-24,14-48-24,2
2020-05-24,14-51-45,2
2020-05-24,14-55-06,3
2020-05-24,14-58-27,8
2020-05-24,15-01-48,5
2020-05-24,15-05-09,0
2020-05-24,15-08-30,2
2020-05-24,15-11-51,2
2020-05-24,15-15-12,2
2020-05-24,15-18-33,2
2020-05-24,15-21-54,0
2020-05-24,15-25-15,7
2020-05-24,15-28-36,3
2020-05-24,15-31-57,0
2020-05-24,15-35-18,7
2020-05-24,15-38-39,1
2020-05-24,15-42-00,1
2020-05-24,15-45-21,3
2020-05-24,15-48-42,2
2020-05-24,15-52-03,4
2020-05-24,15-55-24,5
2020-05-24,15-58-45,3
2020-05-24,16-02-06,3
2020-05-24,16-05-27,1
2020-05-24,16-08-48,3
2020-05-24,16-12-09,3
2020-05-24,16-15-30,2
2020-05-24,16-18-51,3
2020-05-24,16-22-12,2
2020-05-24,16-25-33,3
2020-05-24,16-28-54,9
2020-05-24,16-32-15,2
2020-05-24,16-35-36,1
2020-05-24,16-38-57,2
2020-05-24,16-42-18,2
2020-05-24,16-45-39,3
2020-05-24,16-49-00,4
2020-05-24,16-52-21,3
2020-05-24,16-55-42,1
2020-05-24,16-59-03,2
2020-05-24,17-02-24,3
2020-05-24,17-05-45,3
2020-05-24,17-09-06,2
2020-05-24,17-12-27,2
2020-05-24,17-15-48,2
2020-05-24,17-19-09,4
2020-05-24,17-22-30,3
2020-05-24,17-25-51,2
2020-05-24,17-29-12,2
2020-05-24,17-32-33,2
2020-05-24,17-35-54,3
2020-05-24,17-39-15,1
2020-05-24,17-42-36,2
2020-05-24,17-45-57,3
2020-05-24,17-49-18,2
2020-05-24,17-52-39,5
2020-05-24,17-56-00,4
2020-05-24,17-59-21,3
2020-05-24,18-02-42,3
2020-05-24,18-06-03,2
2020-05-24,18-09-24,2
2020-05-24,18-12-45,1
2020-05-24,18-16-06,3
2020-05-24,18-19-27,1
2020-05-24,18-22-48,3
2020-05-24,18-26-09,1
2020-05-25,09-00-00,3
2020-05-25,09-03-21,1
2020-05-25,09-06-42,3
2020-05-25,09-10-03,6
2020-05-25,09-13-24,2
2020-05-25,09-16-45,4
2020-05-25,09-20-06,1
2020-05-25,09-23-27,2
2020-05-25,09-26-48,1
2020-05-25,09-30-09,1
2020-05-25,09-33-30,4
2020-05-25,09-36-51,4
2020-05-25,09-40-12,7
2020-05-25,09-43-33,3
2020-05-25,09-46-54,2
2020-05-25,09-50-15,4
2020-05-25,09-53-36,0
2020-05-25,09-56-57,2
2020-05-25,10-00-18,2
2020-05-25,10-03-39,4
2020-05-25,10-07-00,3
2020-05-25,10-10-21,2
2020-05-25,10-13-42,2
2020-05-25,10-17-03,3
2020-05-25,10-20-24,4
2020-05-25,10-23-45,1
2020-05-25,10-27-06,3
2020-05-25,10-30-27,3
2020-05-25,10-33-48,5
2020-05-25,10-37-09,3
2020-05-25,10-40-30,1
2020-05-25,10-43-51,2
2020-05-25,10-47-12,2
2020-05-25,10-50-33,1
2020-05-25,10-53-54,1
2020-05-25,10-57-15,3
2020-05-25,11-00-36,2
2020-05-25,11-03-57,3
2020-05-25,11-07-18,5
2020-05-25,11-10-39,6
2020-05-25,11-14-00,2
2020-05-25,11-17-21,4
2020-05-25,11-20-42,2
2020-05-25,11-24-03,3
2020-05-25,11-27-24,5
2020-05-25,11-30-45,1
2020-05-25,11-34-06,4
2020-05-25,11-37-27,2
2020-05-25,11-40-48,2
2020-05-25,11-44-09,1
2020-05-25,11-47-30,0
2020-05-25,11-50-51,2
2020-05-25,11-54-12,4
2020-05-25,11-57-33,1
2020-05-25,12-00-54,2
2020-05-25,12-04-15,1
2020-05-25,12-07-36,1
2020-05-25,12-10-57,2
2020-05-25,12-14-18,3
2020-05-25,12-17-39,2
2020-05-25,12-21-00,4
2020-05-25,12-24-21,0
2020-05-25,12-27-42,0
2020-05-25,12-31-03,3
2020-05-25,12-34-24,3
2020-05-25,12-37-45,2
2020-05-25,12-41-06,0
2020-05-25,12-44-27,5
2020-05-25,12-47-48,3
2020-05-25,12-51-09,3
2020-05-25,12-54-30,3
2020-05-25,12-57-51,2
2020-05-25,13-01-12,2
2020-05-25,13-04-33,4
2020-05-25,13-07-54,8
2020-05-25,13-11-15,1
2020-05-25,13-14-36,2
2020-05-25,13-17-57,2
2020-05-25,13-21-18,2
2020-05-25,13-24-39,5
2020-05-25,13-28-00,3
2020-05-25,13-31-21,3
2020-05-25,13-34-42,1
2020-05-25,13-38-03,5
2020-05-25,13-41-24,3
2020-05-25,13-44-45,8
2020-05-25,13-48-06,3
2020-05-25,13-51-27,3
2020-05-25,13-54-48,3
2020-05-25,13-58-09,2
2020-05-25,14-01-30,4
2020-05-25,14-04-51,3
2020-05-25,14-08-12,2
2020-05-25,14-11-33,1
2020-05-25,14-14-54,7
2020-05-25,14-18-15,2
2020-05-25,14-21-36,4
2020-05-25,14-24-57,4
2020-05-25,14-28-18,3
2020-05-25,14-31-39,5
2020-05-25,14-35-00,1
2020-05-25,14-38-21,1
2020-05-25,14-41-42,5
2020-05-25,14-45-03,3
2020-05-25,14-48-24,5
2020-05-25,14-51-45,7
2020-05-25,14-55-06,2
2020-05-25,14-58-27,0
2020-05-25,15-01-48,2
2020-05-25,15-05-09,2
2020-05-25,15-08-30,3
2020-05-25,15-11-51,0
2020-05-25,15-15-12,1
2020-05-25,15-18-33,4
2020-05-25,15-21-54,2
2020-05-25,15-25-15,2
2020-05-25,15-28-36,3
2020-05-25,15-31-57,0
2020-05-25,15-35-18,4
2020-05-25,15-38-39,3
2020-05-25,15-42-00,1
2020-05-25,15-45-21,2
2020-05-25,15-48-42,1
2020-05-25,15-52-03,3
2020-05-25,15-55-24,6
2020-05-25,15-58-45,1
2020-05-25,16-02-06,5
2020-05-25,16-05-27,4
2020-05-25,16-08-48,3
2020-05-25,16-12-09,4
2020-05-25,16-15-30,2
2020-05-25,16-18-51,4
2020-05-25,16-22-12,3
2020-05-25,16-25-33,2
2020-05-25,16-28-54,2
2020-05-25,16-32-15,3
2020-05-25,16-35-36,1
2020-05-25,16-38-57,6
2020-05-25,16-42-18,5
2020-05-25,16-45-39,5
2020-05-25,16-49-00,2
2020-05-25,16-52-21,5
2020-05-25,16-55-42,2
2020-05-25,16-59-03,2
2020-05-25,17-02-24,3
2020-05-25,17-05-45,0
2020-05-25,17-09-06,3
2020-05-25,17-12-27,1
2020-05-25,17-15-48,3
2020-05-25,17-19-09,5
2020-05-25,17-22-30,2
2020-05-25,17-25-51,1
2020-05-25,17-29-12,2
2020-05-25,17-32-33,3
2020-05-25,17-35-54,3
2020-05-25,17-39-15,2
2020-05-25,17-42-36,4
2020-05-25,17-45-57,3
2020-05-25,17-49-18,2
2020-05-25,17-52-39,4
2020-05-25,17-56-00,3
2020-05-25,17-59-21,2
2020-05-25,18-02-42,2
2020-05-25,18-06-03,3
2020-05-25,18-09-24,1
2020-05-25,18-12-45,3
2020-05-25,18-16-06,3
2020-05-25,18-19-27,7
2020-05-25,18-22-48,2
2020-05-25,18-26-09,4
2020-05-26,09-00-00,5
2020-05-26,09-03-21,5
2020-05-26,09-06-42,2
2020-05-26,09-10-03,1
2020-05-26,09-13-24,3
2020-05-26,09-16-45,0
2020-05-26,09-20-06,2
2020-05-26,09-23-27,2
2020-05-26,09-26-48,5
2020-05-26,09-30-09,2
2020-05-26,09-33-30,4
2020-05-26,09-36-51,3
2020-05-26,09-40-12,7
2020-05-26,09-43-33,2
2020-05-26,09-46-54,7
2020-05-26,09-50-15,2
2020-05-26,09-53-36,3
2020-05-26,09-56-57,3
2020-05-26,10-00-18,4
2020-05-26,10-03-39,4
2020-05-26,10-07-00,2
2020-05-26,10-10-21,9
2020-05-26,10-13-42,5
2020-05-26,10-17-03,1
2020-05-26,10-20-24,5
2020-05-26,10-23-45,2
2020-05-26,10-27-06,3
2020-05-26,10-30-27,3
2020-05-26,10-33-48,3
2020-05-26,10-37-09,1
2020-05-26,10-40-30,3
2020-05-26,10-43-51,4
2020-05-26,10-47-12,5
2020-05-26,10-50-33,8
2020-05-26,10-53-54,6
2020-05-26,10-57-15,15
2020-05-26,11-00-36,0
2020-05-26,11-03-57,1
2020-05-26,11-07-18,3
2020-05-26,11-10-39,4
2020-05-26,11-14-00,4
2020-05-26,11-17-21,2
2020-05-26,11-20-42,5
2020-05-26,11-24-03,3
2020-05-26,11-27-24,3
2020-05-26,11-30-45,4
2020-05-26,11-34-06,4
2020-05-26,11-37-27,2
2020-05-26,11-40-48,2
2020-05-26,11-44-09,2
2020-05-26,11-47-30,1
2020-05-26,11-50-51,3
2020-05-26,11-54-12,3
2020-05-26,11-57-33,2
2020-05-26,12-00-54,1
2020-05-26,12-04-15,4
2020-05-26,12-07-36,5
2020-05-26,12-10-57,1
2020-05-26,12-14-18,1
2020-05-26,12-17-39,3
2020-05-26,12-21-00,4
2020-05-26,12-24-21,1
2020-05-26,12-27-42,3
2020-05-26,12-31-03,2
2020-05-26,12-34-24,2
2020-05-26,12-37-45,2
2020-05-26,12-41-06,3
2020-05-26,12-44-27,2
2020-05-26,12-47-48,4
2020-05-26,12-51-09,4
2020-05-26,12-54-30,3
2020-05-26,12-57-51,4
2020-05-26,13-01-12,1
2020-05-26,13-04-33,4
2020-05-26,13-07-54,4
2020-05-26,13-11-15,1
2020-05-26,13-14-36,1
2020-05-26,13-17-57,1
2020-05-26,13-21-18,3
2020-05-26,13-24-39,3
2020-05-26,13-28-00,4
2020-05-26,13-31-21,3
2020-05-26,13-34-42,2
2020-05-26,13-38-03,1
2020-05-26,13-41-24,4
2020-05-26,13-44-45,1
2020-05-26,13-48-06,1
2020-05-26,13-51-27,1
2020-05-26,13-54-48,4
2020-05-26,13-58-09,3
2020-05-26,14-01-30,2
2020-05-26,14-04-51,2
2020-05-26,14-08-12,3
2020-05-26,14-11-33,5
2020-05-26,14-14-54,2
2020-05-26,14-18-15,2
2020-05-26,14-21-36,4
2020-05-26,14-24-57,3
2020-05-26,14-28-18,9
2020-05-26,14-31-39,2
2020-05-26,14-35-00,2
2020-05-26,14-38-21,2
2020-05-26,14-41-42,1
2020-05-26,14-45-03,2
2020-05-26,14-48-24,3
2020-05-26,14-51-45,2
2020-05-26,14-55-06,1
2020-05-26,14-58-27,1
2020-05-26,15-01-48,3
2020-05-26,15-05-09,4
2020-05-26,15-08-30,4
2020-05-26,15-11-51,4
2020-05-26,15-15-12,2
2020-05-26,15-18-33,3
2020-05-26,15-21-54,3
2020-05-26,15-25-15,5
2020-05-26,15-28-36,6
2020-05-26,15-31-57,4
2020-05-26,15-35-18,3
2020-05-26,15-38-39,2
2020-05-26,15-42-00,2
2020-05-26,15-45-21,2
2020-05-26,15-48-42,1
2020-05-26,15-52-03,2
2020-05-26,15-55-24,3
2020-05-26,15-58-45,2
2020-05-26,16-02-06,5
2020-05-26,16-05-27,2
2020-05-26,16-08-48,0
2020-05-26,16-12-09,1
2020-05-26,16-15-30,3
2020-05-26,16-18-51,4
2020-05-26,16-22-12,2
2020-05-26,16-25-33,0
2020-05-26,16-28-54,4
2020-05-26,16-32-15,1
2020-05-26,16-35-36,1
2020-05-26,16-38-57,5
2020-05-26,16-42-18,2
2020-05-26,16-45-39,4
2020-05-26,16-49-00,3
2020-05-26,16-52-21,3
2020-05-26,16-55-42,2
2020-05-26,16-59-03,2
2020-05-26,17-02-24,5
2020-05-26,17-05-45,2
2020-05-26,17-09-06,2
2020-05-26,17-12-27,4
2020-05-26,17-15-48,0
2020-05-26,17-19-09,2
2020-05-26,17-22-30,3
2020-05-26,17-25-51,3
2020-05-26,17-29-12,4
2020-05-26,17-32-33,5
2020-05-26,17-35-54,3
2020-05-26,17-39-15,3
2020-05-26,17-42-36,2
2020-05-26,17-45-57,3
2020-05-26,17-49-18,4
2020-05-26,17-52-39,2
2020-05-26,17-56-00,1
2020-05-26,17-59-21,2
2020-05-26,18-02-42,1
2020-05-26,18-06-03,6
2020-05-26,18-09-24,1
2020-05-26,18-12-45,6
2020-05-26,18-16-06,6
2020-05-26,18-19-27,1
2020-05-26,18-22-48,2
2020-05-26,18-26-09,3
2020-05-27,09-00-00,2
2020-05-27,09-03-21,3
2020-05-27,09-06-42,1
2020-05-27,09-10-03,3
2020-05-27,09-13-24,6
2020-05-27,09-16-45,1
2020-05-27,09-20-06,1
2020-05-27,09-23-27,0
2020-05-27,09-26-48,3
2020-05-27,09-30-09,1
2020-05-27,09-33-30,3
2020-05-27,09-36-51,3
2020-05-27,09-40-12,4
2020-05-27,09-43-33,2
2020-05-27,09-46-54,0
2020-05-27,09-50-15,6
2020-05-27,09-53-36,1
2020-05-27,09-56-57,1
2020-05-27,10-00-18,1
2020-05-27,10-03-39,2
2020-05-27,10-07-00,4
2020-05-27,10-10-21,5
2020-05-27,10-13-42,1
2020-05-27,10-17-03,4
2020-05-27,10-20-24,6
2020-05-27,10-23-45,1
2020-05-27,10-27-06,2
2020-05-27,10-30-27,1
2020-05-27,10-33-48,3
2020-05-27,10-37-09,2
2020-05-27,10-40-30,2
2020-05-27,10-43-51,4
2020-05-27,10-47-12,2
2020-05-27,10-50-33,5
2020-05-27,10-53-54,1
2020-05-27,10-57-15,3
2020-05-27,11-00-36,4
2020-05-27,11-03-57,8
2020-05-27,11-07-18,2
2020-05-27,11-10-39,2
2020-05-27,11-14-00,4
2020-05-27,11-17-21,2
2020-05-27,11-20-42,5
2020-05-27,11-24-03,3
2020-05-27,11-27-24,2
2020-05-27,11-30-45,5
2020-05-27,11-34-06,2
2020-05-27,11-37-27,4
2020-05-27,11-40-48,5
2020-05-27,11-44-09,4
2020-05-27,11-47-30,5
2020-05-27,11-50-51,1
2020-05-27,11-54-12,1
2020-05-27,11-57-33,4
2020-05-27,12-00-54,2
2020-05-27,12-04-15,3
2020-05-27,12-07-36,3
2020-05-27,12-10-57,1
2020-05-27,12-14-18,1
2020-05-27,12-17-39,2
2020-05-27,12-21-00,3
2020-05-27,12-24-21,1
2020-05-27,12-27-42,6
2020-05-27,12-31-03,1
2020-05-27,12-34-24,3
2020-05-27,12-37-45,1
2020-05-27,12-41-06,1
2020-05-27,12-44-27,4
2020-05-27,12-47-48,1
2020-05-27,12-51-09,3
2020-05-27,12-54-30,4
2020-05-27,12-57-51,3
2020-05-27,13-01-12,4
2020-05-27,13-04-33,5
2020-05-27,13-07-54,1
2020-05-27,13-11-15,1
2020-05-27,13-14-36,2
2020-05-27,13-17-57,1
2020-05-27,13-21-18,3
2020-05-27,13-24-39,2
2020-05-27,13-28-00,4
2020-05-27,13-31-21,1
2020-05-27,13-34-42,2
2020-05-27,13-38-03,2
2020-05-27,13-41-24,4
2020-05-27,13-44-45,6
2020-05-27,13-48-06,1
2020-05-27,13-51-27,3
2020-05-27,13-54-48,2
2020-05-27,13-58-09,4
2020-05-27,14-01-30,1
2020-05-27,14-04-51,4
2020-05-27,14-08-12,3
2020-05-27,14-11-33,2
2020-05-27,14-14-54,2
2020-05-27,14-18-15,3
2020-05-27,14-21-36,1
2020-05-27,14-24-57,1
2020-05-27,14-28-18,3
2020-05-27,14-31-39,1
2020-05-27,14-35-00,2
2020-05-27,14-38-21,4
2020-05-27,14-41-42,2
2020-05-27,14-45-03,4
2020-05-27,14-48-24,9
2020-05-27,14-51-45,2
2020-05-27,14-55-06,3
2020-05-27,14-58-27,3
2020-05-27,15-01-48,2
2020-05-27,15-05-09,3
2020-05-27,15-08-30,2
2020-05-27,15-11-51,4
2020-05-27,15-15-12,5
2020-05-27,15-18-33,2
2020-05-27,15-21-54,7
2020-05-27,15-25-15,2
2020-05-27,15-28-36,1
2020-05-27,15-31-57,3
2020-05-27,15-35-18,4
2020-05-27,15-38-39,2
2020-05-27,15-42-00,0
2020-05-27,15-45-21,3
2020-05-27,15-48-42,2
2020-05-27,15-52-03,2
2020-05-27,15-55-24,1
2020-05-27,15-58-45,3
2020-05-27,16-02-06,8
2020-05-27,16-05-27,1
2020-05-27,16-08-48,5
2020-05-27,16-12-09,0
2020-05-27,16-15-30,2
2020-05-27,16-18-51,4
2020-05-27,16-22-12,1
2020-05-27,16-25-33,2
2020-05-27,16-28-54,1
2020-05-27,16-32-15,2
2020-05-27,16-35-36,2
2020-05-27,16-38-57,2
2020-05-27,16-42-18,2
2020-05-27,16-45-39,3
2020-05-27,16-49-00,1
2020-05-27,16-52-21,3
2020-05-27,16-55-42,2
2020-05-27,16-59-03,3
2020-05-27,17-02-24,3
2020-05-27,17-05-45,4
2020-05-27,17-09-06,2
2020-05-27,17-12-27,6
2020-05-27,17-15-48,1
2020-05-27,17-19-09,2
2020-05-27,17-22-30,5
2020-05-27,17-25-51,3
2020-05-27,17-29-12,2
2020-05-27,17-32-33,6
2020-05-27,17-35-54,0
2020-05-27,17-39-15,3
2020-05-27,17-42-36,3
2020-05-27,17-45-57,2
2020-05-27,17-49-18,1
2020-05-27,17-52-39,1
2020-05-27,17-56-00,0
2020-05-27,17-59-21,4
2020-05-27,18-02-42,3
2020-05-27,18-06-03,1
2020-05-27,18-09-24,3
2020-05-27,18-12-45,1
2020-05-27,18-16-06,1
2020-05-27,18-19-27,1
2020-05-27,18-22-48,1
2020-05-27,18-26-09,4
2020-05-28,09-00-00,5
2020-05-28,09-03-21,2
2020-05-28,09-06-42,2
2020-05-28,09-10-03,1
2020-05-28,09-13-24,3
2020-05-28,09-16-45,1
2020-05-28,09-20-06,1
2020-05-28,09-23-27,3
2020-05-28,09-26-48,2
2020-05-28,09-30-09,5
2020-05-28,09-33-30,3
2020-05-28,09-36-51,2
2020-05-28,09-40-12,4
2020-05-28,09-43-33,4
2020-05-28,09-46-54,6
2020-05-28,09-50-15,3
2020-05-28,09-53-36,5
2020-05-28,09-56-57,7
2020-05-28,10-00-18,2
2020-05-28,10-03-39,2
2020-05-28,10-07-00,6
2020-05-28,10-10-21,2
2020-05-28,10-13-42,2
2020-05-28,10-17-03,1
2020-05-28,10-20-24,1
2020-05-28,10-23-45,5
2020-05-28,10-27-06,6
2020-05-28,10-30-27,2
2020-05-28,10-33-48,2
2020-05-28,10-37-09,1
2020-05-28,10-40-30,2
2020-05-28,10-43-51,2
2020-05-28,10-47-12,1
2020-05-28,10-50-33,2
2020-05-28,10-53-54,1
2020-05-28,10-57-15,3
2020-05-28,11-00-36,1
2020-05-28,11-03-57,4
2020-05-28,11-07-18,5
2020-05-28,11-10-39,5
2020-05-28,11-14-00,1
2020-05-28,11-17-21,2
2020-05-28,11-20-42,0
2020-05-28,11-24-03,2
2020-05-28,11-27-24,3
2020-05-28,11-30-45,5
2020-05-28,11-34-06,0
2020-05-28,11-37-27,3
2020-05-28,11-40-48,1
2020-05-28,11-44-09,4
2020-05-28,11-47-30,3
2020-05-28,11-50-51,8
2020-05-28,11-54-12,4
2020-05-28,11-57-33,4
2020-05-28,12-00-54,1
2020-05-28,12-04-15,3
2020-05-28,12-07-36,4
2020-05-28,12-10-57,2
2020-05-28,12-14-18,4
2020-05-28,12-17-39,0
2020-05-28,12-21-00,2
2020-05-28,12-24-21,1
2020-05-28,12-27-42,4
2020-05-28,12-31-03,5
2020-05-28,12-34-24,6
2020-05-28,12-37-45,2
2020-05-28,12-41-06,2
2020-05-28,12-44-27,2
2020-05-28,12-47-48,1
2020-05-28,12-51-09,1
2020-05-28,12-54-30,3
2020-05-28,12-57-51,2
2020-05-28,13-01-12,2
2020-05-28,13-04-33,2
2020-05-28,13-07-54,8
2020-05-28,13-11-15,4
2020-05-28,13-14-36,4
2020-05-28,13-17-57,2
2020-05-28,13-21-18,2
2020-05-28,13-24-39,2
2020-05-28,13-28-00,1
2020-05-28,13-31-21,3
2020-05-28,13-34-42,1
2020-05-28,13-38-03,3
2020-05-28,13-41-24,9
2020-05-28,13-44-45,8
2020-05-28,13-48-06,1
2020-05-28,13-51-27,1
2020-05-28,13-54-48,1
2020-05-28,13-58-09,1
2020-05-28,14-01-30,1
2020-05-28,14-04-51,1
2020-05-28,14-08-12,1
2020-05-28,14-11-33,3
2020-05-28,14-14-54,2
2020-05-28,14-18-15,1
2020-05-28,14-21-36,1
2020-05-28,14-24-57,1
2020-05-28,14-28-18,8
2020-05-28,14-31-39,3
2020-05-28,14-35-00,2
2020-05-28,14-38-21,1
2020-05-28,14-41-42,4
2020-05-28,14-45-03,2
2020-05-28,14-48-24,2
2020-05-28,14-51-45,2
2020-05-28,14-55-06,2
2020-05-28,14-58-27,1
2020-05-28,15-01-48,6
2020-05-28,15-05-09,5
2020-05-28,15-08-30,3
2020-05-28,15-11-51,3
2020-05-28,15-15-12,0
2020-05-28,15-18-33,1
2020-05-28,15-21-54,4
2020-05-28,15-25-15,1
2020-05-28,15-28-36,3
2020-05-28,15-31-57,1
2020-05-28,15-35-18,1
2020-05-28,15-38-39,1
2020-05-28,15-42-00,1
2020-05-28,15-45-21,1
2020-05-28,15-48-42,3
2020-05-28,15-52-03,1
2020-05-28,15-55-24,3
2020-05-28,15-58-45,2
2020-05-28,16-02-06,1
2020-05-28,16-05-27,1
2020-05-28,16-08-48,1
2020-05-28,16-12-09,2
2020-05-28,16-15-30,4
2020-05-28,16-18-51,1
2020-05-28,16-22-12,2
2020-05-28,16-25-33,4
2020-05-28,16-28-54,1
2020-05-28,16-32-15,0
2020-05-28,16-35-36,3
2020-05-28,16-38-57,2
2020-05-28,16-42-18,3
2020-05-28,16-45-39,5
2020-05-28,16-49-00,5
2020-05-28,16-52-21,6
2020-05-28,16-55-42,2
2020-05-28,16-59-03,4
2020-05-28,17-02-24,4
2020-05-28,17-05-45,1
2020-05-28,17-09-06,4
2020-05-28,17-12-27,1
2020-05-28,17-15-48,5
2020-05-28,17-19-09,1
2020-05-28,17-22-30,1
2020-05-28,17-25-51,3
2020-05-28,17-29-12,1
2020-05-28,17-32-33,3
2020-05-28,17-35-54,4
2020-05-28,17-39-15,2
2020-05-28,17-42-36,4
2020-05-28,17-45-57,1
2020-05-28,17-49-18,4
2020-05-28,17-52-39,2
2020-05-28,17-56-00,5
2020-05-28,17-59-21,1
2020-05-28,18-02-42,6
2020-05-28,18-06-03,0
2020-05-28,18-09-24,3
2020-05-28,18-12-45,1
2020-05-28,18-16-06,6
2020-05-28,18-19-27,4
2020-05-28,18-22-48,3
2020-05-28,18-26-09,2
2020-05-29,09-00-00,1
2020-05-29,09-03-21,3
2020-05-29,09-06-42,3
2020-05-29,09-10-03,1
2020-05-29,09-13-24,4
2020-05-29,09-16-45,1
2020-05-29,09-20-06,3
2020-05-29,09-23-27,1
2020-05-29,09-26-48,5
2020-05-29,09-30-09,1
2020-05-29,09-33-30,4
2020-05-29,09-36-51,5
2020-05-29,09-40-12,6
2020-05-29,09-43-33,1
2020-05-29,09-46-54,4
2020-05-29,09-50-15,7
2020-05-29,09-53-36,3
2020-05-29,09-56-57,1
2020-05-29,10-00-18,5
2020-05-29,10-03-39,1
2020-05-29,10-07-00,4
2020-05-29,10-10-21,4
2020-05-29,10-13-42,3
2020-05-29,10-17-03,7
2020-05-29,10-20-24,2
2020-05-29,10-23-45,0
2020-05-29,10-27-06,5
2020-05-29,10-30-27,2
2020-05-29,10-33-48,2
2020-05-29,10-37-09,2
2020-05-29,10-40-30,2
2020-05-29,10-43-51,2
2020-05-29,10-47-12,3
2020-05-29,10-50-33,5
2020-05-29,10-53-54,4
2020-05-29,10-57-15,6
2020-05-29,11-00-36,1
2020-05-29,11-03-57,3
2020-05-29,11-07-18,3
2020-05-29,11-10-39,3
2020-05-29,11-14-00,2
2020-05-29,11-17-21,3
2020-05-29,11-20-42,1
2020-05-29,11-24-03,4
2020-05-29,11-27-24,3
2020-05-29,11-30-45,1
2020-05-29,11-34-06,11
2020-05-29,11-37-27,3
2020-05-29,11-40-48,3
2020-05-29,11-44-09,2
2020-05-29,11-47-30,3
2020-05-29,11-50-51,3
2020-05-29,11-54-12,2
2020-05-29,11-57-33,2
2020-05-29,12-00-54,4
2020-05-29,12-04-15,1
2020-05-29,12-07-36,1
2020-05-29,12-10-57,4
2020-05-29,12-14-18,2
2020-05-29,12-17-39,3
2020-05-29,12-21-00,1
2020-05-29,12-24-21,5
2020-05-29,12-27-42,2
2020-05-29,12-31-03,2
2020-05-29,12-34-24,4
2020-05-29,12-37-45,2
2020-05-29,12-41-06,7
2020-05-29,12-44-27,1
2020-05-29,12-47-48,1
2020-05-29,12-51-09,4
2020-05-29,12-54-30,2
2020-05-29,12-57-51,1
2020-05-29,13-01-12,2
2020-05-29,13-04-33,5
2020-05-29,13-07-54,4
2020-05-29,13-11-15,4
2020-05-29,13-14-36,1
2020-05-29,13-17-57,0
2020-05-29,13-21-18,3
2020-05-29,13-24-39,4
2020-05-29,13-28-00,1
2020-05-29,13-31-21,2
2020-05-29,13-34-42,6
2020-05-29,13-38-03,11
2020-05-29,13-41-24,1
2020-05-29,13-44-45,1
2020-05-29,13-48-06,3
2020-05-29,13-51-27,2
2020-05-29,13-54-48,1
2020-05-29,13-58-09,1
2020-05-29,14-01-30,4
2020-05-29,14-04-51,3
2020-05-29,14-08-12,2
2020-05-29,14-11-33,4
2020-05-29,14-14-54,2
2020-05-29,14-18-15,4
2020-05-29,14-21-36,4
2020-05-29,14-24-57,1
2020-05-29,14-28-18,0
2020-05-29,14-31-39,5
2020-05-29,14-35-00,1
2020-05-29,14-38-21,3
2020-05-29,14-41-42,6
2020-05-29,14-45-03,5
2020-05-29,14-48-24,2
2020-05-29,14-51-45,0
2020-05-29,14-55-06,4
2020-05-29,14-58-27,1
2020-05-29,15-01-48,5
2020-05-29,15-05-09,3
2020-05-29,15-08-30,1
2020-05-29,15-11-51,5
2020-05-29,15-15-12,1
2020-05-29,15-18-33,2
2020-05-29,15-21-54,5
2020-05-29,15-25-15,3
2020-05-29,15-28-36,2
2020-05-29,15-31-57,1
2020-05-29,15-35-18,2
2020-05-29,15-38-39,0
2020-05-29,15-42-00,0
2020-05-29,15-45-21,3
2020-05-29,15-48-42,1
2020-05-29,15-52-03,3
2020-05-29,15-55-24,3
2020-05-29,15-58-45,4
2020-05-29,16-02-06,1
2020-05-29,16-05-27,1
2020-05-29,16-08-48,3
2020-05-29,16-12-09,5
2020-05-29,16-15-30,3
2020-05-29,16-18-51,3
2020-05-29,16-22-12,2
2020-05-29,16-25-33,3
2020-05-29,16-28-54,3
2020-05-29,16-32-15,5
2020-05-29,16-35-36,7
2020-05-29,16-38-57,1
2020-05-29,16-42-18,3
2020-05-29,16-45-39,2
2020-05-29,16-49-00,1
2020-05-29,16-52-21,1
2020-05-29,16-55-42,12
2020-05-29,16-59-03,1
2020-05-29,17-02-24,3
2020-05-29,17-05-45,1
2020-05-29,17-09-06,1
2020-05-29,17-12-27,6
2020-05-29,17-15-48,1
2020-05-29,17-19-09,3
2020-05-29,17-22-30,2
2020-05-29,17-25-51,3
2020-05-29,17-29-12,5
2020-05-29,17-32-33,2
2020-05-29,17-35-54,2
2020-05-29,17-39-15,4
2020-05-29,17-42-36,5
2020-05-29,17-45-57,3
2020-05-29,17-49-18,3
2020-05-29,17-52-39,3
2020-05-29,17-56-00,1
2020-05-29,17-59-21,1
2020-05-29,18-02-42,1
2020-05-29,18-06-03,1
2020-05-29,18-09-24,5
2020-05-29,18-12-45,4
2020-05-29,18-16-06,4
2020-05-29,18-19-27,2
2020-05-29,18-22-48,3
2020-05-29,18-26-09,4
2020-05-30,09-00-00,2
2020-05-30,09-03-21,3
2020-05-30,09-06-42,2
2020-05-30,09-10-03,6
2020-05-30,09-13-24,5
2020-05-30,09-16-45,1
2020-05-30,09-20-06,1
2020-05-30,09-23-27,2
2020-05-30,09-26-48,8
2020-05-30,09-30-09,1
2020-05-30,09-33-30,7
2020-05-30,09-36-51,5
2020-05-30,09-40-12,2
2020-05-30,09-43-33,3
2020-05-30,09-46-54,4
2020-05-30,09-50-15,3
2020-05-30,09-53-36,9
2020-05-30,09-56-57,11
2020-05-30,10-00-18,0
2020-05-30,10-03-39,1
2020-05-30,10-07-00,3
2020-05-30,10-10-21,3
2020-05-30,10-13-42,3
2020-05-30,10-17-03,3
2020-05-30,10-20-24,7
2020-05-30,10-23-45,3
2020-05-30,10-27-06,6
2020-05-30,10-30-27,1
2020-05-30,10-33-48,3
2020-05-30,10-37-09,1
2020-05-30,10-40-30,4
2020-05-30,10-43-51,4
2020-05-30,10-47-12,3
2020-05-30,10-50-33,3
2020-05-30,10-53-54,3
2020-05-30,10-57-15,6
2020-05-30,11-00-36,3
2020-05-30,11-03-57,2
2020-05-30,11-07-18,4
2020-05-30,11-10-39,3
2020-05-30,11-14-00,5
2020-05-30,11-17-21,2
2020-05-30,11-20-42,2
2020-05-30,11-24-03,1
2020-05-30,11-27-24,5
2020-05-30,11-30-45,5
2020-05-30,11-34-06,3
2020-05-30,11-37-27,4
2020-05-30,11-40-48,2
2020-05-30,11-44-09,3
2020-05-30,11-47-30,3
2020-05-30,11-50-51,4
2020-05-30,11-54-12,4
2020-05-30,11-57-33,6
2020-05-30,12-00-54,2
2020-05-30,12-04-15,5
2020-05-30,12-07-36,3
2020-05-30,12-10-57,10
2020-05-30,12-14-18,1
2020-05-30,12-17-39,3
2020-05-30,12-21-00,2
2020-05-30,12-24-21,6
2020-05-30,12-27-42,1
2020-05-30,12-31-03,2
2020-05-30,12-34-24,2
2020-05-30,12-37-45,2
2020-05-30,12-41-06,1
2020-05-30,12-44-27,2
2020-05-30,12-47-48,1
2020-05-30,12-51-09,4
2020-05-30,12-54-30,1
2020-05-30,12-57-51,4
2020-05-30,13-01-12,3
2020-05-30,13-04-33,2
2020-05-30,13-07-54,5
2020-05-30,13-11-15,6
2020-05-30,13-14-36,2
2020-05-30,13-17-57,0
2020-05-30,13-21-18,2
2020-05-30,13-24-39,4
2020-05-30,13-28-00,2
2020-05-30,13-31-21,5
2020-05-30,13-34-42,5
2020-05-30,13-38-03,4
2020-05-30,13-41-24,6
2020-05-30,13-44-45,1
2020-05-30,13-48-06,1
2020-05-30,13-51-27,2
2020-05-30,13-54-48,2
2020-05-30,13-58-09,2
2020-05-30,14-01-30,3
2020-05-30,14-04-51,4
2020-05-30,14-08-12,2
2020-05-30,14-11-33,2
2020-05-30,14-14-54,1
2020-05-30,14-18-15,2
2020-05-30,14-21-36,10
2020-05-30,14-24-57,4
2020-05-30,14-28-18,0
2020-05-30,14-31-39,2
2020-05-30,14-35-00,1
2020-05-30,14-38-21,2
2020-05-30,14-41-42,1
2020-05-30,14-45-03,2
2020-05-30,14-48-24,3
2020-05-30,14-51-45,3
2020-05-30,14-55-06,1
2020-05-30,14-58-27,1
2020-05-30,15-01-48,1
2020-05-30,15-05-09,7
2020-05-30,15-08-30,4
2020-05-30,15-11-51,3
2020-05-30,15-15-12,2
2020-05-30,15-18-33,3
2020-05-30,15-21-54,3
2020-05-30,15-25-15,0
2020-05-30,15-28-36,3
2020-05-30,15-31-57,3
2020-05-30,15-35-18,3
2020-05-30,15-38-39,3
2020-05-30,15-42-00,1
2020-05-30,15-45-21,1
2020-05-30,15-48-42,6
2020-05-30,15-52-03,1
2020-05-30,15-55-24,6
2020-05-30,15-58-45,4
2020-05-30,16-02-06,4
2020-05-30,16-05-27,2
2020-05-30,16-08-48,7
2020-05-30,16-12-09,6
2020-05-30,16-15-30,2
2020-05-30,16-18-51,1
2020-05-30,16-22-12,3
2020-05-30,16-25-33,3
2020-05-30,16-28-54,1
2020-05-30,16-32-15,1
2020-05-30,16-35-36,2
2020-05-30,16-38-57,10
2020-05-30,16-42-18,2
2020-05-30,16-45-39,4
2020-05-30,16-49-00,4
2020-05-30,16-52-21,1
2020-05-30,16-55-42,2
2020-05-30,16-59-03,12
2020-05-30,17-02-24,3
2020-05-30,17-05-45,8
2020-05-30,17-09-06,2
2020-05-30,17-12-27,2
2020-05-30,17-15-48,3
2020-05-30,17-19-09,1
2020-05-30,17-22-30,1
2020-05-30,17-25-51,5
2020-05-30,17-29-12,3
2020-05-30,17-32-33,4
2020-05-30,17-35-54,3
2020-05-30,17-39-15,3
2020-05-30,17-42-36,3
2020-05-30,17-45-57,4
2020-05-30,17-49-18,2
2020-05-30,17-52-39,2
2020-05-30,17-56-00,1
2020-05-30,17-59-21,4
2020-05-30,18-02-42,2
2020-05-30,18-06-03,2
2020-05-30,18-09-24,8
2020-05-30,18-12-45,3
2020-05-30,18-16-06,3
2020-05-30,18-19-27,2
2020-05-30,18-22-48,4
2020-05-30,18-26-09,1
2020-05-31,09-00-00,0
2020-05-31,09-03-21,4
2020-05-31,09-06-42,1
2020-05-31,09-10-03,1
2020-05-31,09-13-24,1
2020-05-31,09-16-45,2
2020-05-31,09-20-06,6
2020-05-31,09-23-27,2
2020-05-31,09-26-48,5
2020-05-31,09-30-09,7
2020-05-31,09-33-30,2
2020-05-31,09-36-51,2
2020-05-31,09-40-12,4
2020-05-31,09-43-33,3
2020-05-31,09-46-54,1
2020-05-31,09-50-15,5
2020-05-31,09-53-36,5
2020-05-31,09-56-57,5
2020-05-31,10-00-18,4
2020-05-31,10-03-39,6
2020-05-31,10-07-00,2
2020-05-31,10-10-21,1
2020-05-31,10-13-42,3
2020-05-31,10-17-03,3
2020-05-31,10-20-24,1
2020-05-31,10-23-45,2
2020-05-31,10-27-06,3
2020-05-31,10-30-27,4
2020-05-31,10-33-48,10
2020-05-31,10-37-09,1
2020-05-31,10-40-30,5
2020-05-31,10-43-51,3
2020-05-31,10-47-12,6
2020-05-31,10-50-33,1
2020-05-31,10-53-54,6
2020-05-31,10-57-15,3
2020-05-31,11-00-36,6
2020-05-31,11-03-57,1
2020-05-31,11-07-18,1
2020-05-31,11-10-39,4
2020-05-31,11-14-00,5
2020-05-31,11-17-21,3
2020-05-31,11-20-42,2
2020-05-31,11-24-03,3
2020-05-31,11-27-24,3
2020-05-31,11-30-45,4
2020-05-31,11-34-06,5
2020-05-31,11-37-27,3
2020-05-31,11-40-48,4
2020-05-31,11-44-09,3
2020-05-31,11-47-30,1
2020-05-31,11-50-51,1
2020-05-31,11-54-12,3
2020-05-31,11-57-33,1
2020-05-31,12-00-54,1
2020-05-31,12-04-15,2
2020-05-31,12-07-36,2
2020-05-31,12-10-57,4
2020-05-31,12-14-18,4
2020-05-31,12-17-39,2
2020-05-31,12-21-00,2
2020-05-31,12-24-21,4
2020-05-31,12-27-42,7
2020-05-31,12-31-03,0
2020-05-31,12-34-24,3
2020-05-31,12-37-45,3
2020-05-31,12-41-06,2
2020-05-31,12-44-27,7
2020-05-31,12-47-48,3
2020-05-31,12-51-09,3
2020-05-31,12-54-30,3
2020-05-31,12-57-51,3
2020-05-31,13-01-12,2
2020-05-31,13-04-33,2
2020-05-31,13-07-54,5
2020-05-31,13-11-15,3
2020-05-31,13-14-36,1
2020-05-31,13-17-57,2
2020-05-31,13-21-18,2
2020-05-31,13-24-39,9
2020-05-31,13-28-00,3
2020-05-31,13-31-21,4
2020-05-31,13-34-42,4
2020-05-31,13-38-03,2
2020-05-31,13-41-24,4
2020-05-31,13-44-45,2
2020-05-31,13-48-06,2
2020-05-31,13-51-27,2
2020-05-31,13-54-48,10
2020-05-31,13-58-09,5
2020-05-31,14-01-30,3
2020-05-31,14-04-51,1
2020-05-31,14-08-12,4
2020-05-31,14-11-33,4
2020-05-31,14-14-54,3
2020-05-31,14-18-15,4
2020-05-31,14-21-36,1
2020-05-31,14-24-57,2
2020-05-31,14-28-18,0
2020-05-31,14-31-39,6
2020-05-31,14-35-00,2
2020-05-31,14-38-21,3
2020-05-31,14-41-42,1
2020-05-31,14-45-03,3
2020-05-31,14-48-24,2
2020-05-31,14-51-45,4
2020-05-31,14-55-06,3
2020-05-31,14-58-27,4
2020-05-31,15-01-48,9
2020-05-31,15-05-09,1
2020-05-31,15-08-30,2
2020-05-31,15-11-51,1
2020-05-31,15-15-12,1
2020-05-31,15-18-33,2
2020-05-31,15-21-54,2
2020-05-31,15-25-15,2
2020-05-31,15-28-36,6
2020-05-31,15-31-57,2
2020-05-31,15-35-18,1
2020-05-31,15-38-39,3
2020-05-31,15-42-00,4
2020-05-31,15-45-21,2
2020-05-31,15-48-42,4
2020-05-31,15-52-03,2
2020-05-31,15-55-24,3
2020-05-31,15-58-45,5
2020-05-31,16-02-06,3
2020-05-31,16-05-27,5
2020-05-31,16-08-48,3
2020-05-31,16-12-09,3
2020-05-31,16-15-30,3
2020-05-31,16-18-51,1
2020-05-31,16-22-12,2
2020-05-31,16-25-33,2
2020-05-31,16-28-54,4
2020-05-31,16-32-15,5
2020-05-31,16-35-36,2
2020-05-31,16-38-57,3
2020-05-31,16-42-18,3
2020-05-31,16-45-39,0
2020-05-31,16-49-00,5
2020-05-31,16-52-21,3
2020-05-31,16-55-42,3
2020-05-31,16-59-03,2
2020-05-31,17-02-24,4
2020-05-31,17-05-45,2
2020-05-31,17-09-06,8
2020-05-31,17-12-27,2
2020-05-31,17-15-48,5
2020-05-31,17-19-09,4
2020-05-31,17-22-30,3
2020-05-31,17-25-51,3
2020-05-31,17-29-12,4
2020-05-31,17-32-33,1
2020-05-31,17-35-54,1
2020-05-31,17-39-15,3
2020-05-31,17-42-36,1
2020-05-31,17-45-57,2
2020-05-31,17-49-18,5
2020-05-31,17-52-39,2
2020-05-31,17-56-00,1
2020-05-31,17-59-21,4
2020-05-31,18-02-42,5
2020-05-31,18-06-03,4
2020-05-31,18-09-24,3
2020-05-31,18-12-45,3
2020-05-31,18-16-06,3
2020-05-31,18-19-27,3
2020-05-31,18-22-48,0
2020-05-31,18-26-09,2
2020-06-01,09-00-00,3
2020-06-01,09-03-21,1
2020-06-01,09-06-42,2
2020-06-01,09-10-03,1
2020-06-01,09-13-24,5
2020-06-01,09-16-45,3
2020-06-01,09-20-06,3
2020-06-01,09-23-27,5
2020-06-01,09-26-48,2
2020-06-01,09-30-09,4
2020-06-01,09-33-30,2
2020-06-01,09-36-51,5
2020-06-01,09-40-12,3
2020-06-01,09-43-33,3
2020-06-01,09-46-54,1
2020-06-01,09-50-15,1
2020-06-01,09-53-36,3
2020-06-01,09-56-57,2
2020-06-01,10-00-18,4
2020-06-01,10-03-39,3
2020-06-01,10-07-00,3
2020-06-01,10-10-21,1
2020-06-01,10-13-42,2
2020-06-01,10-17-03,2
2020-06-01,10-20-24,5
2020-06-01,10-23-45,1
2020-06-01,10-27-06,5
2020-06-01,10-30-27,2
2020-06-01,10-33-48,4
2020-06-01,10-37-09,2
2020-06-01,10-40-30,1
2020-06-01,10-43-51,4
2020-06-01,10-47-12,3
2020-06-01,10-50-33,2
2020-06-01,10-53-54,1
2020-06-01,10-57-15,4
2020-06-01,11-00-36,1
2020-06-01,11-03-57,2
2020-06-01,11-07-18,1
2020-06-01,11-10-39,4
2020-06-01,11-14-00,3
2020-06-01,11-17-21,3
2020-06-01,11-20-42,2
2020-06-01,11-24-03,3
2020-06-01,11-27-24,3
2020-06-01,11-30-45,4
2020-06-01,11-34-06,2
2020-06-01,11-37-27,2
2020-06-01,11-40-48,6
2020-06-01,11-44-09,2
2020-06-01,11-47-30,1
2020-06-01,11-50-51,2
2020-06-01,11-54-12,2
2020-06-01,11-57-33,1
2020-06-01,12-00-54,2
2020-06-01,12-04-15,1
2020-06-01,12-07-36,5
2020-06-01,12-10-57,2
2020-06-01,12-14-18,2
2020-06-01,12-17-39,3
2020-06-01,12-21-00,1
2020-06-01,12-24-21,1
2020-06-01,12-27-42,1
2020-06-01,12-31-03,1
2020-06-01,12-34-24,1
2020-06-01,12-37-45,1
2020-06-01,12-41-06,2
2020-06-01,12-44-27,2
2020-06-01,12-47-48,3
2020-06-01,12-51-09,9
2020-06-01,12-54-30,1
2020-06-01,12-57-51,1
2020-06-01,13-01-12,1
2020-06-01,13-04-33,3
2020-06-01,13-07-54,2
2020-06-01,13-11-15,7
2020-06-01,13-14-36,2
2020-06-01,13-17-57,2
2020-06-01,13-21-18,1
2020-06-01,13-24-39,3
2020-06-01,13-28-00,2
2020-06-01,13-31-21,2
2020-06-01,13-34-42,4
2020-06-01,13-38-03,2
2020-06-01,13-41-24,6
2020-06-01,13-44-45,1
2020-06-01,13-48-06,4
2020-06-01,13-51-27,4
2020-06-01,13-54-48,3
2020-06-01,13-58-09,2
2020-06-01,14-01-30,3
2020-06-01,14-04-51,5
2020-06-01,14-08-12,6
2020-06-01,14-11-33,1
2020-06-01,14-14-54,10
2020-06-01,14-18-15,1
2020-06-01,14-21-36,7
2020-06-01,14-24-57,2
2020-06-01,14-28-18,4
2020-06-01,14-31-39,2
2020-06-01,14-35-00,2
2020-06-01,14-38-21,1
2020-06-01,14-41-42,2
2020-06-01,14-45-03,1
2020-06-01,14-48-24,3
2020-06-01,14-51-45,3
2020-06-01,14-55-06,3
2020-06-01,14-58-27,1
2020-06-01,15-01-48,3
2020-06-01,15-05-09,1
2020-06-01,15-08-30,2
2020-06-01,15-11-51,5
2020-06-01,15-15-12,5
2020-06-01,15-18-33,3
2020-06-01,15-21-54,4
2020-06-01,15-25-15,2
2020-06-01,15-28-36,5
2020-06-01,15-31-57,4
2020-06-01,15-35-18,3
2020-06-01,15-38-39,3
2020-06-01,15-42-00,2
2020-06-01,15-45-21,4
2020-06-01,15-48-42,2
2020-06-01,15-52-03,2
2020-06-01,15-55-24,9
2020-06-01,15-58-45,3
2020-06-01,16-02-06,8
2020-06-01,16-05-27,5
2020-06-01,16-08-48,5
2020-06-01,16-12-09,2
2020-06-01,16-15-30,1
2020-06-01,16-18-51,2
2020-06-01,16-22-12,4
2020-06-01,16-25-33,2
2020-06-01,16-28-54,4
2020-06-01,16-32-15,2
2020-06-01,16-35-36,2
2020-06-01,16-38-57,2
2020-06-01,16-42-18,2
2020-06-01,16-45-39,2
2020-06-01,16-49-00,8
2020-06-01,16-52-21,5
2020-06-01,16-55-42,2
2020-06-01,16-59-03,3
2020-06-01,17-02-24,4
2020-06-01,17-05-45,4
2020-06-01,17-09-06,1
2020-06-01,17-12-27,3
2020-06-01,17-15-48,4
2020-06-01,17-19-09,1
2020-06-01,17-22-30,3
2020-06-01,17-25-51,3
2020-06-01,17-29-12,2
2020-06-01,17-32-33,1
2020-06-01,17-35-54,0
2020-06-01,17-39-15,1
2020-06-01,17-42-36,1
2020-06-01,17-45-57,3
2020-06-01,17-49-18,3
2020-06-01,17-52-39,3
2020-06-01,17-56-00,3
2020-06-01,17-59-21,2
2020-06-01,18-02-42,3
2020-06-01,18-06-03,5
2020-06-01,18-09-24,3
2020-06-01,18-12-45,4
2020-06-01,18-16-06,4
2020-06-01,18-19-27,1
2020-06-01,18-22-48,1
2020-06-01,18-26-09,3
2020-06-02,09-00-00,2
2020-06-02,09-03-21,0
2020-06-02,09-06-42,1
2020-06-02,09-10-03,5
2020-06-02,09-13-24,4
2020-06-02,09-16-45,3
2020-06-02,09-20-06,3
2020-06-02,09-23-27,3
2020-06-02,09-26-48,4
2020-06-02,09-30-09,3
2020-06-02,09-33-30,2
2020-06-02,09-36-51,2
2020-06-02,09-40-12,3
2020-06-02,09-43-33,1
2020-06-02,09-46-54,3
2020-06-02,09-50-15,6
2020-06-02,09-53-36,1
2020-06-02,09-56-57,1
2020-06-02,10-00-18,2
2020-06-02,10-03-39,2
2020-06-02,10-07-00,2
2020-06-02,10-10-21,1
2020-06-02,10-13-42,3
2020-06-02,10-17-03,1
2020-06-02,10-20-24,2
2020-06-02,10-23-45,2
2020-06-02,10-27-06,7
2020-06-02,10-30-27,5
2020-06-02,10-33-48,2
2020-06-02,10-37-09,2
2020-06-02,10-40-30,1
2020-06-02,10-43-51,2
2020-06-02,10-47-12,3
2020-06-02,10-50-33,2
2020-06-02,10-53-54,4
2020-06-02,10-57-15,4
2020-06-02,11-00-36,4
2020-06-02,11-03-57,6
2020-06-02,11-07-18,4
2020-06-02,11-10-39,1
2020-06-02,11-14-00,2
2020-06-02,11-17-21,2
2020-06-02,11-20-42,4
2020-06-02,11-24-03,3
2020-06-02,11-27-24,1
2020-06-02,11-30-45,4
2020-06-02,11-34-06,4
2020-06-02,11-37-27,2
2020-06-02,11-40-48,3
2020-06-02,11-44-09,2
2020-06-02,11-47-30,1
2020-06-02,11-50-51,1
2020-06-02,11-54-12,5
2020-06-02,11-57-33,2
2020-06-02,12-00-54,3
2020-06-02,12-04-15,8
2020-06-02,12-07-36,4
2020-06-02,12-10-57,5
2020-06-02,12-14-18,0
2020-06-02,12-17-39,2
2020-06-02,12-21-00,1
2020-06-02,12-24-21,1
2020-06-02,12-27-42,1
2020-06-02,12-31-03,1
2020-06-02,12-34-24,1
2020-06-02,12-37-45,5
2020-06-02,12-41-06,4
2020-06-02,12-44-27,2
2020-06-02,12-47-48,9
2020-06-02,12-51-09,4
2020-06-02,12-54-30,3
2020-06-02,12-57-51,3
2020-06-02,13-01-12,4
2020-06-02,13-04-33,2
2020-06-02,13-07-54,2
2020-06-02,13-11-15,4
2020-06-02,13-14-36,3
2020-06-02,13-17-57,5
2020-06-02,13-21-18,2
2020-06-02,13-24-39,4
2020-06-02,13-28-00,3
2020-06-02,13-31-21,2
2020-06-02,13-34-42,4
2020-06-02,13-38-03,1
2020-06-02,13-41-24,6
2020-06-02,13-44-45,1
2020-06-02,13-48-06,4
2020-06-02,13-51-27,1
2020-06-02,13-54-48,4
2020-06-02,13-58-09,3
2020-06-02,14-01-30,3
2020-06-02,14-04-51,1
2020-06-02,14-08-12,2
2020-06-02,14-11-33,4
2020-06-02,14-14-54,4
2020-06-02,14-18-15,3
2020-06-02,14-21-36,1
2020-06-02,14-24-57,3
2020-06-02,14-28-18,3
2020-06-02,14-31-39,3
2020-06-02,14-35-00,2
2020-06-02,14-38-21,2
2020-06-02,14-41-42,9
2020-06-02,14-45-03,4
2020-06-02,14-48-24,3
2020-06-02,14-51-45,2
2020-06-02,14-55-06,2
2020-06-02,14-58-27,1
2020-06-02,15-01-48,2
2020-06-02,15-05-09,1
2020-06-02,15-08-30,4
2020-06-02,15-11-51,2
2020-06-02,15-15-12,1
2020-06-02,15-18-33,4
2020-06-02,15-21-54,3
2020-06-02,15-25-15,1
2020-06-02,15-28-36,1
2020-06-02,15-31-57,1
2020-06-02,15-35-18,2
2020-06-02,15-38-39,5
2020-06-02,15-42-00,4
2020-06-02,15-45-21,4
2020-06-02,15-48-42,1
2020-06-02,15-52-03,7
2020-06-02,15-55-24,1
2020-06-02,15-58-45,2
2020-06-02,16-02-06,3
2020-06-02,16-05-27,3
2020-06-02,16-08-48,3
2020-06-02,16-12-09,1
2020-06-02,16-15-30,1
2020-06-02,16-18-51,4
2020-06-02,16-22-12,2
2020-06-02,16-25-33,5
2020-06-02,16-28-54,5
2020-06-02,16-32-15,3
2020-06-02,16-35-36,3
2020-06-02,16-38-57,2
2020-06-02,16-42-18,7
2020-06-02,16-45-39,6
2020-06-02,16-49-00,5
2020-06-02,16-52-21,3
2020-06-02,16-55-42,1
2020-06-02,16-59-03,3
2020-06-02,17-02-24,2
2020-06-02,17-05-45,3
2020-06-02,17-09-06,4
2020-06-02,17-12-27,1
2020-06-02,17-15-48,2
2020-06-02,17-19-09,8
2020-06-02,17-22-30,4
2020-06-02,17-25-51,5
2020-06-02,17-29-12,2
2020-06-02,17-32-33,8
2020-06-02,17-35-54,1
2020-06-02,17-39-15,2
2020-06-02,17-42-36,4
2020-06-02,17-45-57,4
2020-06-02,17-49-18,3
2020-06-02,17-52-39,1
2020-06-02,17-56-00,1
2020-06-02,17-59-21,2
2020-06-02,18-02-42,1
2020-06-02,18-06-03,5
2020-06-02,18-09-24,4
2020-06-02,18-12-45,5
2020-06-02,18-16-06,1
2020-06-02,18-19-27,5
2020-06-02,18-22-48,2
2020-06-02,18-26-09,2
2020-06-03,09-00-00,8
2020-06-03,09-03-03,3
2020-06-03,09-03-04,3
2020-06-03,09-06-06,4
2020-06-03,09-06-08,5
2020-06-03,09-09-09,1
2020-06-03,09-09-12,2
2020-06-03,09-12-12,4
2020-06-03,09-12-16,2
2020-06-03,09-15-15,2
2020-06-03,09-15-20,1
2020-06-03,09-18-18,1
2020-06-03,09-18-24,1
2020-06-03,09-21-21,1
2020-06-03,09-21-28,1
2020-06-03,09-24-24,3
2020-06-03,09-24-32,4
2020-06-03,09-27-27,3
2020-06-03,09-27-36,2
2020-06-03,09-30-30,6
2020-06-03,09-30-40,3
2020-06-03,09-33-33,1
2020-06-03,09-33-44,2
2020-06-03,09-36-36,0
2020-06-03,09-36-48,3
2020-06-03,09-39-39,1
2020-06-03,09-39-52,3
2020-06-03,09-42-42,2
2020-06-03,09-42-56,1
2020-06-03,09-45-45,3
2020-06-03,09-46-00,2
2020-06-03,09-48-48,2
2020-06-03,09-49-04,2
2020-06-03,09-51-51,4
2020-06-03,09-52-08,2
2020-06-03,09-54-54,3
2020-06-03,09-55-12,1
2020-06-03,09-57-57,1
2020-06-03,09-58-16,3
2020-06-03,10-01-00,9
2020-06-03,10-01-20,3
2020-06-03,10-04-03,5
2020-06-03,10-04-24,8
2020-06-03,10-07-06,2
2020-06-03,10-07-28,6
2020-06-03,10-10-09,2
2020-06-03,10-10-32,2
2020-06-03,10-13-12,2
2020-06-03,10-13-36,3
2020-06-03,10-16-15,0
2020-06-03,10-16-40,3
2020-06-03,10-19-18,4
2020-06-03,10-19-44,2
2020-06-03,10-22-21,9
2020-06-03,10-22-48,0
2020-06-03,10-25-24,3
2020-06-03,10-25-52,1
2020-06-03,10-28-27,1
2020-06-03,10-28-56,5
2020-06-03,10-31-30,2
2020-06-03,10-32-00,1
2020-06-03,10-34-33,3
2020-06-03,10-35-04,4
2020-06-03,10-37-36,4
2020-06-03,10-38-08,4
2020-06-03,10-40-39,2
2020-06-03,10-41-12,1
2020-06-03,10-43-42,2
2020-06-03,10-44-16,3
2020-06-03,10-46-45,2
2020-06-03,10-47-20,1
2020-06-03,10-49-48,2
2020-06-03,10-50-24,1
2020-06-03,10-52-51,2
2020-06-03,10-53-28,3
2020-06-03,10-55-54,2
2020-06-03,10-56-32,0
2020-06-03,10-58-57,1
2020-06-03,10-59-36,2
2020-06-03,11-02-00,1
2020-06-03,11-02-40,3
2020-06-03,11-05-03,1
2020-06-03,11-05-44,4
2020-06-03,11-08-06,6
2020-06-03,11-08-48,2
2020-06-03,11-11-09,5
2020-06-03,11-11-52,2
2020-06-03,11-14-12,1
2020-06-03,11-14-56,2
2020-06-03,11-17-15,2
2020-06-03,11-18-00,3
2020-06-03,11-20-18,2
2020-06-03,11-21-04,4
2020-06-03,11-23-21,6
2020-06-03,11-24-08,3
2020-06-03,11-26-24,4
2020-06-03,11-27-12,0
2020-06-03,11-29-27,10
2020-06-03,11-30-16,5
2020-06-03,11-32-30,3
2020-06-03,11-33-20,2
2020-06-03,11-35-33,2
2020-06-03,11-36-24,1
2020-06-03,11-38-36,2
2020-06-03,11-39-28,2
2020-06-03,11-41-39,9
2020-06-03,11-42-32,0
2020-06-03,11-44-42,3
2020-06-03,11-45-36,2
2020-06-03,11-47-45,4
2020-06-03,11-48-40,5
2020-06-03,11-50-48,2
2020-06-03,11-51-44,0
2020-06-03,11-53-51,2
2020-06-03,11-54-48,3
2020-06-03,11-56-54,5
2020-06-03,11-57-52,4
2020-06-03,11-59-57,6
2020-06-03,12-00-56,2
2020-06-03,12-03-00,5
2020-06-03,12-04-00,1
2020-06-03,12-06-03,4
2020-06-03,12-07-04,5
2020-06-03,12-09-06,2
2020-06-03,12-10-08,1
2020-06-03,12-12-09,2
2020-06-03,12-13-12,2
2020-06-03,12-15-12,1
2020-06-03,12-16-16,2
2020-06-03,12-18-15,2
2020-06-03,12-19-20,2
2020-06-03,12-21-18,2
2020-06-03,12-22-24,1
2020-06-03,12-24-21,2
2020-06-03,12-25-28,10
2020-06-03,12-27-24,3
2020-06-03,12-28-32,4
2020-06-03,12-30-27,5
2020-06-03,12-31-36,3
2020-06-03,12-33-30,1
2020-06-03,12-34-40,2
2020-06-03,12-36-33,3
2020-06-03,12-37-44,1
2020-06-03,12-39-36,1
2020-06-03,12-40-48,4
2020-06-03,12-42-39,5
2020-06-03,12-43-52,2
2020-06-03,12-45-42,2
2020-06-03,12-46-56,1
2020-06-03,12-48-45,2
2020-06-03,12-50-00,4
2020-06-03,12-51-48,2
2020-06-03,12-53-04,4
2020-06-03,12-54-51,3
2020-06-03,12-56-08,1
2020-06-03,12-57-54,3
2020-06-03,12-59-12,2
2020-06-03,13-00-57,1
2020-06-03,13-02-16,2
2020-06-03,13-04-00,7
2020-06-03,13-05-20,3
2020-06-03,13-07-03,4
2020-06-03,13-08-24,2
2020-06-03,13-10-06,3
2020-06-03,13-11-28,5
2020-06-03,13-13-09,4
2020-06-03,13-14-32,5
2020-06-03,13-16-12,5
2020-06-03,13-17-36,6
2020-06-03,13-19-15,1
2020-06-03,13-20-40,2
2020-06-03,13-22-18,4
2020-06-03,13-23-44,2
2020-06-03,13-25-21,3
2020-06-03,13-26-48,5
2020-06-03,13-28-24,9
2020-06-03,13-29-52,1
2020-06-03,13-31-27,3
2020-06-03,13-32-56,4
2020-06-03,13-34-30,2
2020-06-03,13-36-00,3
2020-06-03,13-37-33,4
2020-06-03,13-39-04,5
2020-06-03,13-40-36,2
2020-06-03,13-42-08,3
2020-06-03,13-43-39,1
2020-06-03,13-45-12,6
2020-06-03,13-46-42,2
2020-06-03,13-48-16,3
2020-06-03,13-49-45,1
2020-06-03,13-51-20,5
2020-06-03,13-52-48,2
2020-06-03,13-54-24,7
2020-06-03,13-55-51,4
2020-06-03,13-57-28,3
2020-06-03,13-58-54,1
2020-06-03,14-00-32,1
2020-06-03,14-01-57,2
2020-06-03,14-03-36,1
2020-06-03,14-05-00,1
2020-06-03,14-06-40,3
2020-06-03,14-08-03,1
2020-06-03,14-09-44,1
2020-06-03,14-11-06,1
2020-06-03,14-12-48,3
2020-06-03,14-14-09,1
2020-06-03,14-15-52,6
2020-06-03,14-17-12,2
2020-06-03,14-18-56,3
2020-06-03,14-20-15,2
2020-06-03,14-22-00,6
2020-06-03,14-23-18,1
2020-06-03,14-25-04,4
2020-06-03,14-26-21,3
2020-06-03,14-28-08,1
2020-06-03,14-29-24,2
2020-06-03,14-31-12,3
2020-06-03,14-32-27,3
2020-06-03,14-34-16,5
2020-06-03,14-35-30,4
2020-06-03,14-37-20,2
2020-06-03,14-38-33,6
2020-06-03,14-40-24,2
2020-06-03,14-41-36,2
2020-06-03,14-43-28,2
2020-06-03,14-44-39,4
2020-06-03,14-46-32,3
2020-06-03,14-47-42,4
2020-06-03,14-49-36,1
2020-06-03,14-50-45,2
2020-06-03,14-52-40,5
2020-06-03,14-53-48,0
2020-06-03,14-55-44,4
2020-06-03,14-56-51,2
2020-06-03,14-58-48,1
2020-06-03,14-59-54,4
2020-06-03,15-01-52,1
2020-06-03,15-02-57,3
2020-06-03,15-04-56,3
2020-06-03,15-06-00,3
2020-06-03,15-08-00,1
2020-06-03,15-09-03,2
2020-06-03,15-11-04,3
2020-06-03,15-12-06,5
2020-06-03,15-14-08,1
2020-06-03,15-15-09,1
2020-06-03,15-17-12,2
2020-06-03,15-18-12,3
2020-06-03,15-20-16,2
2020-06-03,15-21-15,4
2020-06-03,15-23-20,2
2020-06-03,15-24-18,3
2020-06-03,15-26-24,6
2020-06-03,15-27-21,3
2020-06-03,15-29-28,2
2020-06-03,15-30-24,2
2020-06-03,15-32-32,4
2020-06-03,15-33-27,3
2020-06-03,15-35-36,1
2020-06-03,15-36-30,3
2020-06-03,15-38-40,2
2020-06-03,15-39-33,3
2020-06-03,15-41-44,2
2020-06-03,15-42-36,1
2020-06-03,15-44-48,4
2020-06-03,15-45-39,5
2020-06-03,15-47-52,3
2020-06-03,15-48-42,5
2020-06-03,15-50-56,4
2020-06-03,15-51-45,1
2020-06-03,15-54-00,5
2020-06-03,15-54-48,2
2020-06-03,15-57-04,4
2020-06-03,15-57-51,2
2020-06-03,16-00-08,1
2020-06-03,16-00-54,3
2020-06-03,16-03-12,5
2020-06-03,16-03-57,3
2020-06-03,16-06-16,2
2020-06-03,16-07-00,1
2020-06-03,16-09-20,4
2020-06-03,16-10-03,9
2020-06-03,16-12-24,2
2020-06-03,16-13-06,1
2020-06-03,16-15-28,2
2020-06-03,16-16-09,3
2020-06-03,16-18-32,4
2020-06-03,16-19-12,4
2020-06-03,16-21-36,4
2020-06-03,16-22-15,1
2020-06-03,16-24-40,3
2020-06-03,16-25-18,1
2020-06-03,16-27-44,2
2020-06-03,16-28-21,1
2020-06-03,16-30-48,6
2020-06-03,16-31-24,3
2020-06-03,16-33-52,4
2020-06-03,16-34-27,5
2020-06-03,16-36-56,1
2020-06-03,16-37-30,6
2020-06-03,16-40-00,4
2020-06-03,16-40-33,1
2020-06-03,16-43-04,5
2020-06-03,16-43-36,3
2020-06-03,16-46-08,2
2020-06-03,16-46-39,4
2020-06-03,16-49-12,2
2020-06-03,16-49-42,1
2020-06-03,16-52-16,0
2020-06-03,16-52-45,1
2020-06-03,16-55-20,2
2020-06-03,16-55-48,3
2020-06-03,16-58-24,0
2020-06-03,16-58-51,3
2020-06-03,17-01-28,2
2020-06-03,17-01-54,3
2020-06-03,17-04-32,3
2020-06-03,17-04-57,1
2020-06-03,17-07-36,2
2020-06-03,17-08-00,3
2020-06-03,17-10-40,2
2020-06-03,17-11-03,2
2020-06-03,17-13-44,2
2020-06-03,17-14-06,1
2020-06-03,17-16-48,1
2020-06-03,17-17-09,1
2020-06-03,17-19-52,2
2020-06-03,17-20-12,4
2020-06-03,17-22-56,3
2020-06-03,17-23-15,12
2020-06-03,17-26-00,1
2020-06-03,17-26-18,1
2020-06-03,17-29-04,1
2020-06-03,17-29-21,4
2020-06-03,17-32-08,6
2020-06-03,17-32-24,2
2020-06-03,17-35-12,4
2020-06-03,17-35-27,4
2020-06-03,17-38-16,2
2020-06-03,17-38-30,3
2020-06-03,17-41-20,4
2020-06-03,17-41-33,3
2020-06-03,17-44-24,3
2020-06-03,17-44-36,2
2020-06-03,17-47-28,4
2020-06-03,17-47-39,3
2020-06-03,17-50-32,4
2020-06-03,17-50-42,3
2020-06-03,17-53-36,3
2020-06-03,17-53-45,2
2020-06-03,17-56-40,0
2020-06-03,17-56-48,0
2020-06-03,17-59-44,4
2020-06-03,17-59-51,4
2020-06-03,18-02-48,3
2020-06-03,18-02-54,4
2020-06-03,18-05-52,4
2020-06-03,18-05-57,2
2020-06-03,18-08-56,3
2020-06-03,18-09-00,2
2020-06-03,18-12-00,2
2020-06-03,18-12-03,2
2020-06-03,18-15-04,4
2020-06-03,18-15-06,1
2020-06-03,18-18-08,1
2020-06-03,18-18-09,4
2020-06-03,18-21-12,1
2020-06-03,18-24-15,1
2020-06-03,18-24-16,1
